{
"type": "FeatureCollection",
"name": "estate_roads",
"crs": { "type": "name", "properties": { "name": "urn:ogc:def:crs:OGC:1.3:CRS84" } },
"features": [
{"type":"Feature","properties":{"AREA":0.0,"PERIMETER":7771.322,"ID":"Object 728","CAPTION":"Lengwe Rd","STYLE":13,"Distance":0.0},"geometry":{"type":"MultiLineString","coordinates":[[[34.784064627599676,-16.196411688002652],[34.784085270411779,-16.196424736938905],[34.784133926639868,-16.196449733724702],[34.784207556219428,-16.196483477825218],[34.784288770420098,-16.196525151017237],[34.784334673863746,-16.196546548124584],[34.784389759597829,-16.196571548693928],[34.784492236399544,-16.196602315106354],[34.784569293598366,-16.196631489436655],[34.784622772071259,-16.196657560710378],[34.784670411485344,-16.196677420506813],[34.784736231547541,-16.196703375451204],[34.784773183408348,-16.19671572255902],[34.784818318666588,-16.196727605129269],[34.78487013217601,-16.196738455654124],[34.784952271131253,-16.196766365415503],[34.785113785468084,-16.196834537474146],[34.785214090416751,-16.196875219454686],[34.785320381753138,-16.196914885086844],[34.78543862163955,-16.196949622061545],[34.785618992559563,-16.197003150644466],[34.78589586230364,-16.197118636622694],[34.785979126130492,-16.197153667216423],[34.786036243488148,-16.197170569798416],[34.786073331087799,-16.197182811603174],[34.786127433084964,-16.197197808400595],[34.786174548142718,-16.197213828108012],[34.786231691609252,-16.197233627520276],[34.786285906639662,-16.197261176846006],[34.786391274310077,-16.197309559055153],[34.78645650173889,-16.197338928785658],[34.786627124751035,-16.197391933859119],[34.786713246965725,-16.197418369883678],[34.786794618180636,-16.197437301238782],[34.786860306834775,-16.197448819852799],[34.786925940205535,-16.19745430342676],[34.786964989437536,-16.197455484149533],[34.78701188674961,-16.197461125253263],[34.787121227122142,-16.197464732108546],[34.787333712632204,-16.197453200920219],[34.787619449521635,-16.197451823924848],[34.787806208305007,-16.197446569472888],[34.788004368499884,-16.197437534741226],[34.788156851832888,-16.197436251659507],[34.788335952363539,-16.197427376101711],[34.788518864414492,-16.197418469217741],[34.788823830016369,-16.197415902217685],[34.789628274627901,-16.197420180467805],[34.79143439669209,-16.197367681866062],[34.791954013562055,-16.197358585449411],[34.792454091198756,-16.197347294962391],[34.792826156490293,-16.197335594151681],[34.79304440934974,-16.197321285033258],[34.793287922981364,-16.197311685593537],[34.793621956922472,-16.197296795476884],[34.793812435676081,-16.197293678544511],[34.794170811204872,-16.197284450378476],[34.794470505560071,-16.197271189881619],[34.794786952215034,-16.197268517385776],[34.794997819864513,-16.197256006367706],[34.795311393900668,-16.197242627449338],[34.795357130594844,-16.197245678510946],[34.795411775737989,-16.197252952041733],[34.795443825874095,-16.197256197339023],[34.795504955994744,-16.197256383869608],[34.795640278067417,-16.197252427375989],[34.795761798983762,-16.197251400479363],[34.795889102791207,-16.197246105512388],[34.796002581856072,-16.197240927313839],[34.796092047178988,-16.197235952025547],[34.796188030211482,-16.197227406421401],[34.796289093124301,-16.197217410855533],[34.79633562003233,-16.19721209448446],[34.796409841886813,-16.197211467048987],[34.796487677740238,-16.197207996885723],[34.796644120572822,-16.19720597121491],[34.79694462283318,-16.197200617267239],[34.797350033865072,-16.197195136462007],[34.797804812443552,-16.197189572481101],[34.797950488078101,-16.197188339979309],[34.798057065109226,-16.197185722187413],[34.798261274261947,-16.197173693525343],[34.79844243370119,-16.19716700962412],[34.798589840236509,-16.197160612157919],[34.798758564498876,-16.19715403323897],[34.799010692455177,-16.197136448360791],[34.799351631977167,-16.197116394267205],[34.799676676258358,-16.197106774904942],[34.799898743747654,-16.197104894094203],[34.800197123514579,-16.197093782861231],[34.800575478869987,-16.197085426521937],[34.802388497759246,-16.197040549934911],[34.803257235894328,-16.197022449860118],[34.80394554423264,-16.197005878905998],[34.804678168532135,-16.196978198614616],[34.805965859766523,-16.196935069410056],[34.80689011190497,-16.196916483642017],[34.807661448896091,-16.196872369174852],[34.80836088362441,-16.196858371341794],[34.809423925185136,-16.196838592572789],[34.810078944361891,-16.196824967283256],[34.813169769145958,-16.196717579127334],[34.815249913015464,-16.196660526533364],[34.816591553652742,-16.19662941580269],[34.817426306187009,-16.196605495955939],[34.81785961916912,-16.196584622348748],[34.818094055874973,-16.196575750010304],[34.818252118112554,-16.196569246914937],[34.818397745384004,-16.196562851011862],[34.818587895303388,-16.196568090569688],[34.81876205595276,-16.196573466803265],[34.818948621946326,-16.196575303791047],[34.819234686971896,-16.196578004846284],[34.819632578557744,-16.196569448346185],[34.819918581440064,-16.196565282274054],[34.820403490565489,-16.19655254527045],[34.821526072491636,-16.196524041666791],[34.822016357417112,-16.196516404738816],[34.823894044554606,-16.196451343722128],[34.825273149983836,-16.196426928646449],[34.826760374278692,-16.196368045909541],[34.828234585665442,-16.196309264782883],[34.829678589065452,-16.19626749778131],[34.830693445722524,-16.196254566489205],[34.833286156554756,-16.196190582295962],[34.833991728387318,-16.196174575098681],[34.834307210641441,-16.196135228942961],[34.83468595615075,-16.196105956533433],[34.835182949040444,-16.196076273192165],[34.83557299678656,-16.196067044441993],[34.838195146920036,-16.195969565092689],[34.840309018362746,-16.195915488897825],[34.840956780633789,-16.195904250624647],[34.841783918852414,-16.195879266819709],[34.843985312662319,-16.195859197913634],[34.844919966680372,-16.195832773800809],[34.848276490777558,-16.195736465690675],[34.849267789667302,-16.195688166385022],[34.84945925789232,-16.195692977345352],[34.850922417708034,-16.19564629412584],[34.852409517731417,-16.195590609892427],[34.853353667941114,-16.195567117613642],[34.854114558073356,-16.195536065512272],[34.854907258042523,-16.195529148023045],[34.855617645197427,-16.195501582899869],[34.855931173901226,-16.195483951543277],[34.856153526688779,-16.195483962311471],[34.856229797202765,-16.195484421144339],[34.856347365976568,-16.195484194808621],[34.856433511584655,-16.195488242335912],[34.856519672164005,-16.195493890010439],[34.856666582415251,-16.195503519637239]]]}},
{"type":"Feature","properties":{"AREA":0.0,"PERIMETER":6135.269,"ID":"Object 730","CAPTION":null,"STYLE":13,"Distance":0.0},"geometry":{"type":"MultiLineString","coordinates":[[[34.788083753762386,-16.183365738202397],[34.799649003196102,-16.183052997153816],[34.806319459246446,-16.182893639547697],[34.826125777401792,-16.182283899294692],[34.829847977984059,-16.182149101714014],[34.839220198360898,-16.181965452758746],[34.844507583139467,-16.181816858133942],[34.844584110422204,-16.181874939230902],[34.844630654235338,-16.181977338886128],[34.848049694281315,-16.1819329702397],[34.848749135133538,-16.18197094976226],[34.848977490072961,-16.182013023083332],[34.849099334104288,-16.182041336051721]]]}},
{"type":"Feature","properties":{"AREA":0.0,"PERIMETER":5858.968,"ID":"Object 731","CAPTION":null,"STYLE":13,"Distance":0.0},"geometry":{"type":"MultiLineString","coordinates":[[[34.870102061652105,-16.215773824110105],[34.870317250255312,-16.215622433854723],[34.870561688047246,-16.21529139231675],[34.870666600954024,-16.214931681195822],[34.870738736601275,-16.214377916180876],[34.869595699052716,-16.201456703593902],[34.869641405377294,-16.201381554006968],[34.869656312039048,-16.20132162498194],[34.869405406582224,-16.200965045673385],[34.884802294195048,-16.191485654749471],[34.885586545315483,-16.190985370209194],[34.898413149039094,-16.18305273269543],[34.898582588928051,-16.18297647361322],[34.898737131790242,-16.182960144567215],[34.898829514456096,-16.182914471875417],[34.898889959410958,-16.18276443935876],[34.899306323798328,-16.182626177700989],[34.899645487857704,-16.182503554143878],[34.902445293775578,-16.180864006856627]]]}},
{"type":"Feature","properties":{"AREA":0.0,"PERIMETER":4695.741,"ID":"Object 732","CAPTION":null,"STYLE":13,"Distance":0.0},"geometry":{"type":"MultiLineString","coordinates":[[[34.857511819799093,-16.196598446500801],[34.857440923084141,-16.19633458937971],[34.857472038954633,-16.196003721383981],[34.86114485780994,-16.189987808160279],[34.861346703888678,-16.189622385759119],[34.861618517687518,-16.189421648343487],[34.874714097914435,-16.181372321759877],[34.891379413966789,-16.171108680101511]]]}},
{"type":"Feature","properties":{"AREA":0.0,"PERIMETER":10580.358,"ID":"Object 733","CAPTION":"Eastern diagonal","STYLE":13,"Distance":0.0},"geometry":{"type":"MultiLineString","coordinates":[[[34.894219484311115,-16.251915580960294],[34.894261720608725,-16.251690671249055],[34.899161825561251,-16.232584035586296],[34.899180065438465,-16.232505414488692],[34.89918472237725,-16.232482608397071],[34.899187746359864,-16.232459031700344],[34.899189201397398,-16.232441356005953],[34.899189520397108,-16.232426349778869],[34.899185293321572,-16.232415094442402],[34.899168787732101,-16.232388552622346],[34.899143787968875,-16.232351315050821],[34.899076071363034,-16.232262450584955],[34.895433419981075,-16.226644758937308],[34.891371865533799,-16.220565096755404],[34.891266383391248,-16.220268505262112],[34.890162746209789,-16.205005065696557],[34.888996341630595,-16.190304147154279],[34.888956470154326,-16.189709437967402],[34.888504838173745,-16.188986149389983],[34.888365487960996,-16.188722914779053],[34.888229122650188,-16.177979904891103],[34.888222486476209,-16.177281729039905],[34.888083976664888,-16.176731079332807],[34.886825692403356,-16.17428972871998],[34.886671860093472,-16.17395145853181],[34.88664740045715,-16.173906547346149],[34.886636987022264,-16.173886364489057],[34.88663014682276,-16.173874207434967],[34.886621902938352,-16.173855825209014],[34.886614997045591,-16.173836650399686],[34.886612704112665,-16.173821854241979],[34.886614098216825,-16.173798707663156],[34.886616997466668,-16.173764109845653],[34.886622643883577,-16.173723606976466],[34.887029164261605,-16.16722910323314],[34.887108017215255,-16.1668883467438],[34.887455201410148,-16.166206887677184],[34.887566671114158,-16.166016641727488],[34.887579070265687,-16.165994598450919],[34.887593161044698,-16.165973760046178],[34.887616528071248,-16.165956087857378],[34.887660467395705,-16.165936202817967],[34.887711546560872,-16.165915847827208],[34.887775671216367,-16.165897408444479],[34.88782466502245,-16.165878696613365],[34.887863569070696,-16.165859668537884],[34.887907018210271,-16.165832476692401],[34.887956720417904,-16.165799949585924],[34.888012576341275,-16.165751527608691],[34.888087990451766,-16.165682624413328],[34.888217431893167,-16.165554612137587],[34.888264107599156,-16.1654996607312],[34.888323114014106,-16.165446582450837],[34.888371022452937,-16.165413435033745],[34.88840152769437,-16.165384407940493],[34.888416681896324,-16.165359483875758],[34.888433538837901,-16.165297855443729],[34.888451384640256,-16.165232252295823],[34.888522252998094,-16.16513859967975],[34.888650863282095,-16.165007311756227],[34.888795282644516,-16.1648526426616],[34.888858653950116,-16.164773063329903],[34.888920362954806,-16.164687300876956],[34.888961335758687,-16.164612567536775],[34.8890165732385,-16.164520664632416],[34.88907192842467,-16.164441155483374],[34.889148123661435,-16.16436146228618],[34.889229098566574,-16.164278627268978],[34.889279688594122,-16.164203808534488],[34.889315925607171,-16.164136863817788],[34.889359691777862,-16.164018724253328],[34.88937823655192,-16.163945739599026],[34.889390280453107,-16.16386351630868],[34.889396543574449,-16.163679085570703],[34.889383421669436,-16.163310453523987],[34.889369374597436,-16.163013100052439],[34.88933050694142,-16.162554274798474],[34.889322781489028,-16.162306421621253],[34.889284386099341,-16.161666250269668],[34.889262422590946,-16.16127790202782],[34.889257660089548,-16.161157028415388],[34.889276148558004,-16.160991157966432],[34.889293215036986,-16.16086760815033],[34.889326160424353,-16.160687506746157],[34.889348397034404,-16.16053218003972],[34.889368960472794,-16.160392733685182],[34.889394828016016,-16.160235611923827],[34.889418905165265,-16.160082031716406],[34.889443015782071,-16.15993197687893],[34.889463696359648,-16.159804869319341],[34.889482084181772,-16.159628422751705],[34.889528213477035,-16.159300126288855],[34.889552474695449,-16.159165935616279],[34.88958535275254,-16.158978783458036],[34.889623534844752,-16.158773955890354],[34.889659524620789,-16.158530365425953],[34.889674850708836,-16.158415645211708],[34.889702558514067,-16.158260269939358],[34.889733980954716,-16.158111913037832],[34.889770138030158,-16.157885949421761],[34.889786852475012,-16.157725383199161],[34.889882573232185,-16.157049368318042],[34.889918629600359,-16.156812828581295],[34.88996183049624,-16.156560359932513],[34.890003006533334,-16.156286755241155],[34.890039230189231,-16.156067842352357],[34.890075236082119,-16.155826014550907],[34.890118453450661,-16.155575308577628],[34.89014134084055,-16.155296577677245],[34.890179321108761,-16.155070597853491],[34.890217552525719,-16.154871058309492],[34.890269754699553,-16.154606169913627],[34.89036293164375,-16.15397457890521],[34.890452077855343,-16.153458709641061],[34.89047612872109,-16.153290476061382]]]}},
{"type":"Feature","properties":{"AREA":0.0,"PERIMETER":2437.371,"ID":"Object 734","CAPTION":"Kalulu Road","STYLE":13,"Distance":0.0},"geometry":{"type":"MultiLineString","coordinates":[[[34.894047420106105,-16.252021241733278],[34.913289266890843,-16.240203792916212]]]}},
{"type":"Feature","properties":{"AREA":0.0,"PERIMETER":2427.291,"ID":"Object 737","CAPTION":"Nchalo drive","STYLE":13,"Distance":0.0},"geometry":{"type":"MultiLineString","coordinates":[[[34.890813277630826,-16.254066008360716],[34.874807024789121,-16.263958406263558],[34.871673824989344,-16.265864813806807]]]}},
{"type":"Feature","properties":{"AREA":0.0,"PERIMETER":10138.38,"ID":"Object 738","CAPTION":"Mission road","STYLE":13,"Distance":0.0},"geometry":{"type":"MultiLineString","coordinates":[[[34.915374783658898,-16.269949619044269],[34.915498045170665,-16.270137415179359],[34.915921316621869,-16.270769769578468],[34.916024563110867,-16.270905160299083],[34.916067605656494,-16.270977477021006],[34.91608217365193,-16.271024301951631],[34.916084108823327,-16.271062152051581],[34.916084388088755,-16.271090929746059],[34.916075273804033,-16.271121306903918],[34.916055095354004,-16.271142695932728],[34.916037791550025,-16.27115549652153],[34.915086395712486,-16.271748402551097],[34.913746623294216,-16.272563003756449],[34.911600037077406,-16.273880428721604],[34.910800851207654,-16.274379489968489],[34.910165205732433,-16.274766131051738],[34.909382644494656,-16.275230455240298],[34.909360940321164,-16.275246485829051],[34.909187079583596,-16.27537490191159],[34.904219192670119,-16.278487345784939],[34.899226293371655,-16.28157613125985],[34.89425716426814,-16.284593258521763],[34.8901454698075,-16.287174569405323],[34.890022370621793,-16.287175669758717],[34.884576193107677,-16.278948615987513],[34.874807250465196,-16.263982185059096],[34.86703986193988,-16.252255500137139],[34.862943270226488,-16.24596582750528],[34.859746480720368,-16.241095016827099],[34.859398525017937,-16.240741353917027],[34.858903554137818,-16.240460322564484],[34.857379526059383,-16.238071795398884],[34.851461429868287,-16.229086730856004],[34.851507987767882,-16.228800950910259],[34.851483152295913,-16.228777386547822]]]}},
{"type":"Feature","properties":{"AREA":0.0,"PERIMETER":10285.077,"ID":"Object 739","CAPTION":"Western Diagonal","STYLE":13,"Distance":0.0},"geometry":{"type":"MultiLineString","coordinates":[[[34.893837344721476,-16.258795111752818],[34.890837892957954,-16.25406578822421],[34.889606251329049,-16.25204805906305],[34.889535822365502,-16.251927522262044],[34.889460755027329,-16.251824916320018],[34.889420783727566,-16.251776696029388],[34.889391731042828,-16.251743414303064],[34.889325501620746,-16.251675957333294],[34.881503714561738,-16.245586905488103],[34.880921579071249,-16.24520565170873],[34.880646892135786,-16.245014701217649],[34.880287379637736,-16.244740030077239],[34.880070433820919,-16.244571745773897],[34.879912560096166,-16.244439307454304],[34.879884425653536,-16.244413487024737],[34.879848370403067,-16.244371910161131],[34.879818105980704,-16.244331211740896],[34.879778938574887,-16.244266385537522],[34.879699684723526,-16.244141395733429],[34.879440446571429,-16.243737754386967],[34.879283080131074,-16.243506386724089],[34.879020952779278,-16.243102770296694],[34.87865338645161,-16.242556706152474],[34.877694951255172,-16.241091707654853],[34.877090884625225,-16.240167365010148],[34.876095179164516,-16.238635025353805],[34.875112071134033,-16.23718894581781],[34.874209616237039,-16.235810340080263],[34.873283561389528,-16.234422844568019],[34.8724582285286,-16.23317282887821],[34.872189657192784,-16.232763201877557],[34.872149968530259,-16.23270394007076],[34.872114842200645,-16.232651878621137],[34.872075047341426,-16.232583855410176],[34.872049079288722,-16.232544805534143],[34.872037663841859,-16.232529093092644],[34.872024074576935,-16.232511289001316],[34.872010918715908,-16.232497675648993],[34.871993788226611,-16.232479167272842],[34.871979423126447,-16.232464775738631],[34.87196467776851,-16.23245003244017],[34.871943606853236,-16.232434201000192],[34.871912176187891,-16.232408164339731],[34.871811602983023,-16.232318121543532],[34.871674805723124,-16.232201345136051],[34.87141179802105,-16.231978423562769],[34.871258291555506,-16.231851626829737],[34.861022208303162,-16.222811767082803],[34.85199102049225,-16.211701382677781],[34.851224513360677,-16.210749677895091],[34.850772994618694,-16.210187675920803],[34.850548620223854,-16.210054884101467],[34.85024158373551,-16.210030609985512],[34.849586555177922,-16.210076740939019],[34.849474493103763,-16.210023817679094],[34.849291828624381,-16.209877186313676],[34.834196902650405,-16.196931593994506],[34.834013395799609,-16.19662475777432],[34.833934552644756,-16.196108525139795],[34.833752908682811,-16.195530866888785],[34.829972670047653,-16.183263387200785],[34.829878897105111,-16.182977949144473],[34.829847687944891,-16.182847328138529],[34.829827160026504,-16.182749333991961],[34.829800839110099,-16.182623524328033],[34.82973740004681,-16.182153107025528]]]}},
{"type":"Feature","properties":{"AREA":0.0,"PERIMETER":6475.436,"ID":"Object 740","CAPTION":"280 Diagonal","STYLE":13,"Distance":0.0},"geometry":{"type":"MultiLineString","coordinates":[[[34.87183310422526,-16.232337371533166],[34.871357389574911,-16.23227131897713],[34.857527758145217,-16.229918128888791],[34.851601591836847,-16.228853074640583],[34.851393916706805,-16.22846069888103],[34.85125116748376,-16.227739265568772],[34.850974270577396,-16.227216096751299],[34.850718039399197,-16.225091596679498],[34.850724120751863,-16.224301914800343],[34.850062705119541,-16.224267631683549],[34.847679072642762,-16.224408599994749],[34.847082845837313,-16.224637146941163],[34.846322461771841,-16.224762012303316],[34.845696710467301,-16.224741179217368],[34.844742894038262,-16.224539256925794],[34.844279828642819,-16.224464450270688],[34.843788588951071,-16.224284779590288],[34.843379060567926,-16.224117535618319],[34.842766053071628,-16.22400461288024],[34.8420043229413,-16.223984949522325],[34.841244302521943,-16.224149209727777],[34.840566601565882,-16.224391584686828],[34.840038599022662,-16.224645798194938],[34.839564498478886,-16.224846989173756],[34.839035395276461,-16.22498296227468],[34.838192803984363,-16.225042818809495],[34.83748460785236,-16.224930704542288],[34.836693849665657,-16.224714194384838],[34.836285664730994,-16.224691449927569],[34.835562289254234,-16.224408658392946],[34.835112823559164,-16.224333714596323],[34.834568658958332,-16.224312142757],[34.834092727343922,-16.22431625724051],[34.833604049792839,-16.224412451259834],[34.833088660801209,-16.224561430041842],[34.83260144070573,-16.224815274516111],[34.832181844681898,-16.225029116810724],[34.831693406078855,-16.225151582159441],[34.831204603267686,-16.225234634145444],[34.830742752533951,-16.225291174014043],[34.830307369382382,-16.225268652768239],[34.829844304244112,-16.225193815111432],[34.829366913939332,-16.225040267174546],[34.828985195156889,-16.224938448582247],[34.826986513508828,-16.224981945817085],[34.825287108582316,-16.2250359877841],[34.819644830492592,-16.225189563000356],[34.813283022068909,-16.225480526420331],[34.812331724362664,-16.225458599456413],[34.812310774620933,-16.225458116526532]]]}},
{"type":"Feature","properties":{"AREA":0.0,"PERIMETER":4811.403,"ID":"Object 741","CAPTION":"436 rd","STYLE":13,"Distance":0.0},"geometry":{"type":"MultiLineString","coordinates":[[[34.8044257403442,-16.218293331775815],[34.805363255595594,-16.218255827367187],[34.807791235161133,-16.21818196680875],[34.809071155940622,-16.218143504359976],[34.810298557911253,-16.21809914604307],[34.811045007308991,-16.218070989693729],[34.81117746881251,-16.218066470093088],[34.811260796228872,-16.218059561379004],[34.811304091799265,-16.218059191916804],[34.811355405066422,-16.218058754024259],[34.811382665238952,-16.218058521388805],[34.811416382060919,-16.218062881896728],[34.811459734285386,-16.218068709583903],[34.811512849395918,-16.218089948101333],[34.8115482689186,-16.218105139968365],[34.81157717513004,-16.218109541507012],[34.811622060077916,-16.218107608997666],[34.811686060005172,-16.218091568581521],[34.811748470547307,-16.218077091129455],[34.811810739408337,-16.21804712071005],[34.81186188264919,-16.218028091156008],[34.81191152151473,-16.218019920343458],[34.849859236125823,-16.217042604778356],[34.851898397649549,-16.216959125787017],[34.852714921096101,-16.217017698634933],[34.856595409806211,-16.217509376950616]]]}},
{"type":"Feature","properties":{"AREA":0.0,"PERIMETER":5691.858,"ID":"Object 742","CAPTION":"Thomu Diagonal","STYLE":13,"Distance":0.0},"geometry":{"type":"MultiLineString","coordinates":[[[34.879818105980711,-16.244331211740896],[34.876572755416447,-16.244729465807779],[34.86964470781745,-16.245644761980962],[34.86529693610418,-16.246142955735305],[34.863667364369789,-16.246420083372698],[34.863259351829932,-16.246423671091581],[34.861231982787416,-16.247315535479753],[34.860966276743333,-16.247406388997888],[34.860822121726969,-16.247454650129516],[34.860745907615616,-16.247475919992457],[34.860673246747588,-16.247497157726624],[34.860616481961117,-16.247507956456143],[34.860529510148531,-16.247519020385774],[34.860445993763463,-16.247519753629131],[34.860351865063585,-16.247525729711089],[34.860284212489319,-16.247512590470315],[34.860195156741234,-16.247491054740724],[34.860118490427659,-16.247464260512903],[34.860068510169882,-16.247440665757114],[34.860014928211633,-16.247411951991456],[34.859954399310645,-16.24740046698237],[34.859884985826653,-16.247389059029405],[34.859828124141373,-16.247389558081188],[34.85974825977766,-16.247400559310638],[34.859703998296666,-16.24741811464488],[34.859620885458206,-16.247461761259704],[34.859527321662775,-16.247527817062664],[34.859403501393061,-16.247588987707221],[34.859278163104193,-16.247677639728852],[34.859209346660762,-16.247729744213011],[34.859159850558093,-16.247757645692381],[34.859066060536179,-16.247799669821784],[34.859010140320585,-16.247829984259813],[34.858852791724843,-16.24790771926483],[34.85818636976132,-16.248172035529862],[34.85811896567094,-16.248163655485321],[34.858044001483563,-16.248164312814865],[34.857910504389565,-16.248141342305534],[34.85774909109918,-16.248102522133468],[34.857643409482534,-16.248084672362012],[34.857498705673663,-16.24805107027921],[34.857348524479384,-16.248025563714872],[34.857226158708983,-16.248005177125339],[34.857042685654406,-16.247982644055032],[34.856800679883108,-16.247936482681748],[34.856583637994241,-16.247887419464504],[34.856405566055699,-16.247848744173826],[34.855677703923512,-16.2476983697129],[34.855199634352644,-16.247610349556183],[34.854469555828643,-16.247482622191754],[34.854247874395881,-16.247438459445952],[34.853891433892002,-16.247366136745303],[34.853256876194031,-16.247245952227974],[34.852078982247747,-16.247017352089738],[34.851890698408766,-16.24696283579479],[34.851768308411081,-16.246939764200185],[34.851687715152423,-16.246932421691799],[34.851554269424057,-16.246914811360888],[34.851306939488651,-16.246892831074678],[34.851093127431405,-16.246892015977675],[34.850801524179161,-16.246886516187761],[34.850062760305157,-16.246868825844206],[34.848668476932438,-16.246827345515356],[34.84729092637518,-16.246793758640102],[34.845560564294139,-16.246741775481912],[34.845407833930054,-16.246740423570195],[34.845340176028863,-16.246742368161222],[34.845303810763596,-16.246745497793214],[34.845250002721222,-16.246751591371993],[34.845204916530342,-16.24675620295924],[34.845151155333255,-16.246767218136373],[34.84508940089475,-16.246779709834243],[34.845008742677173,-16.246794475150217],[34.844689301128653,-16.246831763565961],[34.844518875176668,-16.246850414026561],[34.844426554662967,-16.246859801066897],[34.844231219836004,-16.246875235230192],[34.844060633701687,-16.246876719697479],[34.843870421137737,-16.246869791281487],[34.843667705692098,-16.246856104836439],[34.84348807486171,-16.246840499594512],[34.843249548892651,-16.246797939940496],[34.843044817361353,-16.2467585198719],[34.842929060209691,-16.246732059131748],[34.842688485409326,-16.246660332313606],[34.842451321058043,-16.246573125399877],[34.842300626621693,-16.246512289677671],[34.842160111869347,-16.246445392399369],[34.842025323952271,-16.246382839563456],[34.841871121158825,-16.246311665823335],[34.841771666963268,-16.246276619256733],[34.841734254018448,-16.246270005469171],[34.841654524157157,-16.246257514472656],[34.841578288185751,-16.246253781730317],[34.841520207049733,-16.246245496882111],[34.841420048599048,-16.24623757763068],[34.841332388914672,-16.246228450928317],[34.841254944010537,-16.246217038731071],[34.841089890565819,-16.246201991482469],[34.841012528424315,-16.246199368027341],[34.840930615932848,-16.246196783167449],[34.840844206103462,-16.246199731375974],[34.840772652476595,-16.246210241256417],[34.840705585954922,-16.246214119297431],[34.840663517914436,-16.246215583486428],[34.840613480056348,-16.246216018079259],[34.840539590357722,-16.246219956232064],[34.840434943839639,-16.246218667427375],[34.840185811912427,-16.2462202814188],[34.839640195837973,-16.246214717961614],[34.839019917376703,-16.246206368129251],[34.838499194725436,-16.246202302593655],[34.837919753030768,-16.246190161481291],[34.837736664212713,-16.246184882576614],[34.83753220496606,-16.246174638141799],[34.837416560208659,-16.246160190626625],[34.837288428749723,-16.246140700632747],[34.837146066315341,-16.246119617034982],[34.83695387059781,-16.246090382651783],[34.836802639518631,-16.246071092577026],[34.836720804085353,-16.24606150140416],[34.836609683001633,-16.24605188929328],[34.836512905107924,-16.246040641966644],[34.836411629752654,-16.246034927613252],[34.836308110287113,-16.246032528180205],[34.836212479967564,-16.24602237048332],[34.836114585138425,-16.24601333026753],[34.835971129467765,-16.245996993946768],[34.835874352540863,-16.245985746313703],[34.835719493700317,-16.245966212170842],[34.835593096496389,-16.245949727827551],[34.835516809542469,-16.245940500175145],[34.835440532789214,-16.245932371216135],[34.835291350578196,-16.24591168968248],[34.83515129685393,-16.245894224521901],[34.835002134124373,-16.245875739326703],[34.834823312239457,-16.245847622415912],[34.834657149514776,-16.245820151193193],[34.834564605620109,-16.245805502097891],[34.834441789905988,-16.245784247425096],[34.834303028884868,-16.245768281362434],[34.834149989159286,-16.245745572118462],[34.834061047292771,-16.245736041393837],[34.833952526281053,-16.245723247179818],[34.833865392431832,-16.245717133605442],[34.833779987962856,-16.245705856162594],[34.833719493052193,-16.245697796039515],[34.833673149521097,-16.245682745891568],[34.833605514339176,-16.245671314632865],[34.833532468244904,-16.245651345703802],[34.833450554378949,-16.245633170356086],[34.833368794788292,-16.245616298478723],[34.833330047065758,-16.24560784408424],[34.833267376071639,-16.245595201380084],[34.833230923429078,-16.245588924735976],[34.833186479703194,-16.245579420773382],[34.833159155493242,-16.245576360686933],[34.833090849602712,-16.245569260724171],[34.833024828602952,-16.245563239788044],[34.832979298440009,-16.245559238329562],[34.832947414648231,-16.24555511974247],[34.832880266473637,-16.245550206416571],[34.832749422919349,-16.245544745990181],[34.832645913739839,-16.245543443459603],[34.832474180116051,-16.245543830500921],[34.832204694337563,-16.245550554757365],[34.831867005310976,-16.245561164636971],[34.831685016003519,-16.245559442060898],[34.831471245549281,-16.245564585037794],[34.831050496291233,-16.245571517039643],[34.830911742953354,-16.245571616969428],[34.830856008042062,-16.24557099964629],[34.83076617565046,-16.245572874482214],[34.830677461202946,-16.245572541998584],[34.830564883584444,-16.245574613220015],[34.830465964378831,-16.245577665227806],[34.830365866202911,-16.245576332121434],[34.830285102114978,-16.245574831997562],[34.830174861106549,-16.24558347480529],[34.830027110512802,-16.245594639076089],[34.829848614395473,-16.245601674357907],[34.829706489533798,-16.24560619695735],[34.829499552126663,-16.245612378676178],[34.829280104701809,-16.24561866726912],[34.829157262156308,-16.245617530809593],[34.829043588622277,-16.245624005033616],[34.828940109707773,-16.245625996870668],[34.828869650991933,-16.245632098064149],[34.828725303032783,-16.245642133259945],[34.828597992274851,-16.245649824636239],[34.828576349643505,-16.245651211391223],[34.828523702082897,-16.245649850239086],[34.828474956501367,-16.24565237987245],[34.828429147654468,-16.245657697157348],[34.828394985481673,-16.245662913954629],[34.828357196023347,-16.245669568990614],[34.828323046842058,-16.245676191712274],[34.828298345492243,-16.245681327780563],[34.828234348230218,-16.245687504954592],[34.828155078858082,-16.245695219896579],[34.828095448628751,-16.24570136026259],[34.828040912172327,-16.245707455771942],[34.828005261176386,-16.245709169326528],[34.827936864362911,-16.245711869240154],[34.82787861799325,-16.245710261635335],[34.827802253766649,-16.245717249270587],[34.827756393827038,-16.245716941757589],[34.827711898291035,-16.245706778323932],[34.827678149101764,-16.24570030841533],[34.827639103672595,-16.245692522403836],[34.827357553774625,-16.245569331169605],[34.827251262128129,-16.245513114700554],[34.827166659622037,-16.245465500794946],[34.827054580756439,-16.245398347773538],[34.826955163209924,-16.245347565046721],[34.826787248069856,-16.245268807128575],[34.826712971408369,-16.245230992444498],[34.826638726149973,-16.245196473904599],[34.826442172143743,-16.245103129420112],[34.82626359070855,-16.245008531957922],[34.82608324815952,-16.244915665496578],[34.825736968721223,-16.244750409849072],[34.825497638959796,-16.244620282801886],[34.825419200009719,-16.244593490714504],[34.825372825501653,-16.244575006036673],[34.825319327644863,-16.244554865796484],[34.825262243897306,-16.24453132352874],[34.825146410198975,-16.244496269777468],[34.824959182791531,-16.244427496330673],[34.824525771659935,-16.244256121142747],[34.824226091329628,-16.24413337871961],[34.8236841202718,-16.243860328616098],[34.823051641642039,-16.2434927493812],[34.822514798969735,-16.24314530188223],[34.822025909509499,-16.242822587835327],[34.821681146561652,-16.24260341465574],[34.821493446879657,-16.242479290787827],[34.821314037543836,-16.242313182293877],[34.821173479318929,-16.242125784585131],[34.821063713440289,-16.241984225581998],[34.820853358624305,-16.241755513991592],[34.82064234957501,-16.241455556280876],[34.820558767461435,-16.241330537163687],[34.820474606995155,-16.241142653583804],[34.820407645229885,-16.240937858056856],[34.820349012480968,-16.24069526879498],[34.820214626154645,-16.240235386192065],[34.820145775922839,-16.239825235215989],[34.820103956887579,-16.239523824001129],[34.820062446441334,-16.239255941243201],[34.820030625452574,-16.239134265441006],[34.819999944406781,-16.239083027126131],[34.819955032914201,-16.239030194059058],[34.819913816740815,-16.238992779588951],[34.81987793178498,-16.238955319346999],[34.819827799662953,-16.238914547581459],[34.819791930526655,-16.23887880409027],[34.819759535665867,-16.238834447153639],[34.819712515710684,-16.23874558074451],[34.819649092718237,-16.238612220106731],[34.819598406114608,-16.238495573085871],[34.819555611726393,-16.238417932349826],[34.819505852956638,-16.238324968807611],[34.819451505493284,-16.238227650254377],[34.81936134845003,-16.238070209344219],[34.819301174077218,-16.237957559078207],[34.819253931665948,-16.237890942806047],[34.819203107506915,-16.237805679134446],[34.819149846232584,-16.237702857057069],[34.819060837124134,-16.237546505841152],[34.818999556080669,-16.237437160502154],[34.818744912824968,-16.236968264066462],[34.818512987152701,-16.236506198121624],[34.818253249412514,-16.23603900540957],[34.81784925875904,-16.235283349006036],[34.81752755830658,-16.23472012015678],[34.817211288481097,-16.234143431428421],[34.816826937262469,-16.233409063473641],[34.815244030616512,-16.230445316414652],[34.815045326598472,-16.230065611750717],[34.814833648652126,-16.229690209788693],[34.814621970628181,-16.229314807529192],[34.814370753894977,-16.228885256563899],[34.814088827922653,-16.228418246375156],[34.813789205232268,-16.227913665545156],[34.813657034516304,-16.227692658023351],[34.813586668241129,-16.227588478324797],[34.813524863186437,-16.227471651296401],[34.813458567009945,-16.227338097448563],[34.813341557897154,-16.227074827048185],[34.813240155142999,-16.226867967377142],[34.813153254719232,-16.226692367024988],[34.813103412748383,-16.226589513537117],[34.81305023859845,-16.226495478190877],[34.813011998766143,-16.226417796651123],[34.81297040754648,-16.226346735776566],[34.81292189318814,-16.226264746718904],[34.81289293158239,-16.226206761975423],[34.812842073324312,-16.226117102059955],[34.812790217718053,-16.226042832370808],[34.81274058637981,-16.225963050446548],[34.812693380428463,-16.225899728330663],[34.812639361986299,-16.225837563227511],[34.812595667467974,-16.225785197512465],[34.812535953709336,-16.225721982209482],[34.812471649833803,-16.225654411706422],[34.81242409768965,-16.22559361271766],[34.812366836155029,-16.225519942100057],[34.81231698963871,-16.225465875805906],[34.812286188665276,-16.225427421626271],[34.812274592264188,-16.225413987795648],[34.812253951862232,-16.225389258929226],[34.812240980465951,-16.225372237650518],[34.812232835820879,-16.225361510549998],[34.81222059231051,-16.225342467939672],[34.812213308104916,-16.225329793377977],[34.812204373935607,-16.225312408688911],[34.812198736029529,-16.225297399522528],[34.812195350399925,-16.225285155227692],[34.812192050774883,-16.225268101940031],[34.812189181926236,-16.225255093271457],[34.81218437471076,-16.225220984040543],[34.812015632633027,-16.223212759117803],[34.812013312480182,-16.223192449779628],[34.812012107037077,-16.223177949449493],[34.812011445315875,-16.223170128688821],[34.812011206970475,-16.223167487582103],[34.812010860123237,-16.223164743483494],[34.812010431044399,-16.223161803093948],[34.812009372886159,-16.223156143606811],[34.812008843258546,-16.22315315166485],[34.812008145289909,-16.22315016116039],[34.812007105655958,-16.223146526568485],[34.8120064136141,-16.223144183922074],[34.812002442301754,-16.223131503643202],[34.811995021164066,-16.223108245012888],[34.811991327513333,-16.223097289215456],[34.811989440068906,-16.223091358488922],[34.811987418434782,-16.223085174985876],[34.811985401215971,-16.223079371876818],[34.81198311171854,-16.22307243250847],[34.811981223339444,-16.223066501789795],[34.811979472613672,-16.22306120244248],[34.811973404972015,-16.22304214772592],[34.811968422990866,-16.223027260354911],[34.811961832781485,-16.223008336609357],[34.811957384944407,-16.222994583261126],[34.811954358347855,-16.222984976320461],[34.811947644450505,-16.222966845217503],[34.811937982768939,-16.2229396450686],[34.81193101883953,-16.222916572294309],[34.811925148588038,-16.222901201830673],[34.811919974310314,-16.222888706223124],[34.811911787607279,-16.222867538818342],[34.81190412679954,-16.222849262179945],[34.811895483899114,-16.222832925002045],[34.811884847778245,-16.222817088289393],[34.811873208415392,-16.22280077669566],[34.811850998215675,-16.222775866875985],[34.811826290967488,-16.222750978373835],[34.811780461600563,-16.222710825222212],[34.811718098462492,-16.222665503440233],[34.811593493325972,-16.222573165359954],[34.807835574315888,-16.220166365593137],[34.805889841663102,-16.219117012009757],[34.80573308370338,-16.219015672207458],[34.805590617316653,-16.218927499644401],[34.805385185357153,-16.218803549739597],[34.805156532580106,-16.218669555229187],[34.805080955030412,-16.218624574938545],[34.805031488357301,-16.218589614439491],[34.804963652786014,-16.218548292168631],[34.804897779572926,-16.218510677997156],[34.804851322421818,-16.218488726889696],[34.804757478799701,-16.218448556450753],[34.804606816324181,-16.218383171292739],[34.804577904983091,-16.218370345017345],[34.80454549654084,-16.218354531209492],[34.804513456429156,-16.218341060118977],[34.804482107201871,-16.218327248802108],[34.804462935491088,-16.218317356063867],[34.804446883392401,-16.218307101551609],[34.804425740344207,-16.218293331775833],[34.804384849282762,-16.218267492759228],[34.804353334389333,-16.218248120010021],[34.804320905141736,-16.218221390346482],[34.804281677960063,-16.218192263268172],[34.804259798344845,-16.218173711335975],[34.804089047285579,-16.218043300567906],[34.80377908751403,-16.21784015114207],[34.803348565774442,-16.217568098052965],[34.802838982210496,-16.21724277253939],[34.802308378439825,-16.216915946048257],[34.802031546088507,-16.216744398389974],[34.801648280617897,-16.216511099587372],[34.801261525016493,-16.216264466540757],[34.801132346087968,-16.2161864775717],[34.800879896211796,-16.216024689423385],[34.800730029380603,-16.215936924759696],[34.800659213674592,-16.215898769087207],[34.800588285134282,-16.215857765156944],[34.800553049934031,-16.215836276267268],[34.800498286174751,-16.215803556250616],[34.800459626939968,-16.215779388164414],[34.800453730226486,-16.215776421813896],[34.800437789057973,-16.215767627208681],[34.800418829161146,-16.215758044925213],[34.79896133692327,-16.214828546186691],[34.798535517441188,-16.214359153066567],[34.798202856490725,-16.21366560964125],[34.79679193566016,-16.209116608068825],[34.796745065614552,-16.208992107224184],[34.796715479086465,-16.208924904901913],[34.796689838883836,-16.208857244472192],[34.796670049208878,-16.2088052317728],[34.796645918904559,-16.208758770743721],[34.796631908854224,-16.208731816943153],[34.796592769188969,-16.20867104081665],[34.796540860160157,-16.20862072939067],[34.796470186215004,-16.208569558278249],[34.796405076011609,-16.208541092074729],[34.796340559067083,-16.208518852374354],[34.796254566830783,-16.208492651079091],[34.796122401399742,-16.208457518250981],[34.795907140301729,-16.208404239800096],[34.795529472239664,-16.208313874192399],[34.795178063860547,-16.208233401327636],[34.794664071350454,-16.20811637217097],[34.79410293019064,-16.207994682308037],[34.793428877918707,-16.207830958815268],[34.792988240909537,-16.207734142240742],[34.792712995764859,-16.207671733009587],[34.792335415008878,-16.207590767681658],[34.792083645884773,-16.207531396340315],[34.791756396856819,-16.207459714922226],[34.791543338977895,-16.20741386924259],[34.791411212237144,-16.207382876232487],[34.791262970766518,-16.207347876727198],[34.791191007938359,-16.207331911654087],[34.791097448383155,-16.207298522005306],[34.791004961488731,-16.207265123266623],[34.790913694924882,-16.207223110557734],[34.790820577657271,-16.207170442226356],[34.790733179236696,-16.207118998871401],[34.790655955366695,-16.207075954049127],[34.790566592528414,-16.207028079422173],[34.789253499256787,-16.20619813838983],[34.789222030372038,-16.206175620682341],[34.789129848034854,-16.206104990842022],[34.789088360631787,-16.206070927536675],[34.789088046071107,-16.206070684393708],[34.789087911169375,-16.206070555404533],[34.7890877750553,-16.206070395701492],[34.789087502558125,-16.206070046477265],[34.789087045745937,-16.206069378010071],[34.789086693317621,-16.206068876742393],[34.789085948287529,-16.206067775143996],[34.789083934699917,-16.206065179655003],[34.789081861034944,-16.206062248514499],[34.78907757864858,-16.206056240076201],[34.789052589867751,-16.20602085220164],[34.78904628006697,-16.20601019710568],[34.789044508753037,-16.206007295949341],[34.789042550415495,-16.206004397271943],[34.789040875207611,-16.206001678746851],[34.789039772861038,-16.205999637651733],[34.789038670930239,-16.205997642639222],[34.789037614942202,-16.205995556874786],[34.789035781259223,-16.205990925755284],[34.78903486195582,-16.205988337314174],[34.789032444947956,-16.205981661631377],[34.789029693720522,-16.205974533324415],[34.789026993767514,-16.205967905207235],[34.789024432146014,-16.205960956936625],[34.789021201381907,-16.2059529217901],[34.789019896576889,-16.205949379631328],[34.789019166583621,-16.205946834778018],[34.789018483356458,-16.205944290434456],[34.789017920778832,-16.205939466071111],[34.789017260169153,-16.205934141911762],[34.789015432087062,-16.205921734842498],[34.789014501171359,-16.205915474971885],[34.789013278097428,-16.205907101215402],[34.789012907314827,-16.205904358148207],[34.789012497900778,-16.205901375939323],[34.789011950630652,-16.205898144580726],[34.789010819079145,-16.205889341723537],[34.788997234392362,-16.205658325238311],[34.789000139408735,-16.204960462068836],[34.789040237926841,-16.204051155149418],[34.789052328142702,-16.203606569844929],[34.789067517968718,-16.202230765651901],[34.789076712265668,-16.201975109916763],[34.789062762871573,-16.20144851442933],[34.789043230753165,-16.200813068001494],[34.788975097353322,-16.199889115850382],[34.788944324277281,-16.199027076137806],[34.788942801312281,-16.198858185051385],[34.788946298121587,-16.198735922505595],[34.788952616347665,-16.198671419193492],[34.788970554968422,-16.198620153207322],[34.788995371938718,-16.198566605426414],[34.789010969121577,-16.198510914097934],[34.789022107629464,-16.198470816641247],[34.789021646725089,-16.198419704662779],[34.789020644769387,-16.198308592175952],[34.788998839677696,-16.197930965153819],[34.788969554342614,-16.197488950057725],[34.788968789489545,-16.197416673535198]]]}},
{"type":"Feature","properties":{"AREA":0.0,"PERIMETER":3979.534,"ID":"Object 743","CAPTION":null,"STYLE":13,"Distance":0.0},"geometry":{"type":"MultiLineString","coordinates":[[[34.856676700078495,-16.247926796987738],[34.848736150757489,-16.242411884608991],[34.848599533988995,-16.242347377414465],[34.848386323299415,-16.241363765399623],[34.848038340953394,-16.240512723405491],[34.847554975243398,-16.239728559107427],[34.846526997956246,-16.23888343858469],[34.845639319503867,-16.238496978888058],[34.844616255415445,-16.238177390980095],[34.84305225470009,-16.238190992382307],[34.842441476552651,-16.238327697800329],[34.840469471567999,-16.238344825431874],[34.839655911037831,-16.238614679399749],[34.839111908029679,-16.238619399031379],[34.838295293339243,-16.23856078303136],[34.837750069805246,-16.238434112553598],[34.83018370448606,-16.238661114182531],[34.829793635393031,-16.238487875674142],[34.829425600686839,-16.238226143558304],[34.829012683880784,-16.238053100601778],[34.828668723041844,-16.237923614317435],[34.82805057333389,-16.237796490723806],[34.827547892907418,-16.237800824170993],[34.827000126432111,-16.237871772035351],[34.826270787650962,-16.238076735918835],[34.825724647999181,-16.238324272286963],[34.825361300714526,-16.238570233689646],[34.825272264984129,-16.238640312376543],[34.82522283174869,-16.238672463547214],[34.825202483495346,-16.238685822706636],[34.825140373285208,-16.238733601961794],[34.825108961959891,-16.238755633620872],[34.825090759477611,-16.238765144708726],[34.825046635272734,-16.238795057931252],[34.825036491562102,-16.238800067330828],[34.825019835953917,-16.238809351840526],[34.824998794934736,-16.238816565022358],[34.824977727035879,-16.238820965428481],[34.824957360853283,-16.23882254678723],[34.82492392734877,-16.23882775665324],[34.824911771035914,-16.238829758012272],[34.824825009883995,-16.238835640133168],[34.824743513654624,-16.238838450642653],[34.824665651115723,-16.238840527726229],[34.824618843258946,-16.238841533289722],[34.821662161748996,-16.238866958354986],[34.819885917976301,-16.238931112929944],[34.819849773162453,-16.238932418089817]]]}},
{"type":"Feature","properties":{"AREA":0.0,"PERIMETER":3222.791,"ID":"Object 744","CAPTION":null,"STYLE":13,"Distance":0.0},"geometry":{"type":"MultiLineString","coordinates":[[[34.816159584207064,-16.232166186714725],[34.819872103856824,-16.232060307364922],[34.8214390637877,-16.232038627712271],[34.821916416166481,-16.231734306653529],[34.822440102124581,-16.231531125756312],[34.822873612769605,-16.231461173161623],[34.823352819851543,-16.231390826875174],[34.823855891717692,-16.231430653005869],[34.824359370506798,-16.231514625884348],[34.824955464248674,-16.2317302550024],[34.825459758205234,-16.23190252100915],[34.828984683069272,-16.231874334542749],[34.829797628156534,-16.231538828787553],[34.830951776127129,-16.231331772497004],[34.832040962677766,-16.231453764634935],[34.832996586700126,-16.231839700053193],[34.835036533962487,-16.231822060229327],[34.837007261360824,-16.231673603241408],[34.838090960458132,-16.231204324845404],[34.838974322300345,-16.231130969196865],[34.839926291390285,-16.231122713246059],[34.840813316479,-16.23144350875582],[34.841289912382123,-16.231505070219903],[34.842717866642573,-16.231492668831596],[34.842984866127388,-16.238257276474172]]]}},
{"type":"Feature","properties":{"AREA":0.0,"PERIMETER":8177.767,"ID":"Object 745","CAPTION":null,"STYLE":13,"Distance":0.0},"geometry":{"type":"MultiLineString","coordinates":[[[34.854004159369623,-16.219129030629443],[34.857805613075769,-16.22485371054492],[34.870693887071397,-16.216845634902796],[34.870877624106214,-16.216784655869798],[34.877353465691023,-16.212928472861698],[34.857037902770607,-16.182239860322277],[34.856907288776831,-16.18140995747002],[34.849168650990237,-16.181536743166451]]]}},
{"type":"Feature","properties":{"AREA":0.0,"PERIMETER":6556.339,"ID":"Object 746","CAPTION":null,"STYLE":13,"Distance":0.0},"geometry":{"type":"MultiLineString","coordinates":[[[34.910615322315635,-16.208840532348695],[34.891521091611764,-16.220763330451874],[34.887655803563739,-16.223135013712536],[34.878664689503552,-16.228612803505751],[34.878461255395734,-16.228419832043091],[34.87207664062359,-16.232427394161011],[34.868869832027634,-16.234431239588858],[34.862513348046761,-16.238410475555067],[34.862342906327264,-16.238662396966788],[34.862287401633829,-16.238885483739942],[34.859509505764635,-16.240579363010774],[34.859367335574802,-16.240775384672158]]]}},
{"type":"Feature","properties":{"AREA":0.0,"PERIMETER":1487.427,"ID":"Object 747","CAPTION":"Riverside Rd","STYLE":13,"Distance":0.0},"geometry":{"type":"MultiLineString","coordinates":[[[34.920268911379459,-16.270678280988406],[34.920133038610302,-16.2707179813058],[34.919993667432962,-16.270770030985069],[34.919879589022827,-16.270813454997104],[34.9198600551778,-16.270818541392291],[34.919798629348357,-16.270835043320183],[34.919768537721637,-16.270841191415013],[34.919726533524205,-16.270845877129101],[34.919715149605061,-16.270845195174136],[34.919687080515303,-16.270841917659912],[34.919665101709576,-16.270838191838372],[34.919647515919337,-16.270826576700774],[34.919589730290255,-16.270756697801822],[34.91955491089422,-16.270714169102231],[34.919350877973635,-16.270464957707322],[34.919317625096021,-16.270416217041362],[34.919285046677004,-16.27037132224725],[34.919270962020377,-16.270355236897167],[34.91926519834881,-16.270350115220776],[34.919259090758388,-16.270346375538221],[34.919244786248449,-16.270344436041778],[34.919194337123301,-16.270343010452819],[34.919127010453678,-16.270334206489892],[34.919057655893937,-16.270325136262649],[34.919038831102675,-16.270319051416305],[34.919008029748348,-16.270310017421565],[34.918981343302832,-16.270304518898755],[34.918928943249036,-16.270295729523529],[34.918891380887814,-16.270288490797821],[34.918859970135863,-16.270286249155962],[34.918688059419928,-16.270274684013753],[34.91735819915646,-16.270107347453859],[34.916223349484042,-16.269976536312861],[34.916031793814327,-16.269951457451594],[34.915771692722629,-16.269923741442199],[34.915566789189846,-16.26990824807153],[34.915450518878714,-16.269895421244165],[34.915390654610007,-16.269895963023298],[34.915322494987507,-16.269900987566533],[34.915299954470129,-16.269903086377131],[34.915275012823621,-16.269910417916378],[34.915257417929375,-16.269916736007474],[34.915234025761414,-16.269932107216029],[34.915207196092354,-16.269947035144142],[34.915189257741922,-16.269958451680882],[34.915165635430583,-16.269978355564632],[34.915152170969684,-16.269981812553542],[34.915140892925187,-16.269984037139587],[34.915131791537796,-16.269984119496446],[34.91512329334509,-16.269981771159689],[34.915119826100373,-16.269980286310215],[34.915117283158281,-16.269976974170607],[34.915112190459126,-16.269969743644182],[34.915106183217233,-16.269965250234261],[34.91510019361499,-16.269962575590846],[34.915083099318082,-16.269958103890389],[34.915082105381636,-16.269957863493282],[34.915081261905684,-16.269957703961399],[34.915080572318551,-16.2699576894186],[34.915079729455968,-16.269957593132457],[34.915078823389678,-16.269957538983331],[34.915078068929567,-16.26995758737522],[34.915077572235198,-16.269957591869577],[34.915076228798682,-16.269957582339551],[34.906788454026803,-16.27132007544472]]]}},
{"type":"Feature","properties":{"AREA":0.0,"PERIMETER":5217.556,"ID":"Object 748","CAPTION":"Kalulu Boundary Rd","STYLE":13,"Distance":0.0},"geometry":{"type":"MultiLineString","coordinates":[[[34.915082105381636,-16.269957863493282],[34.908297411982524,-16.259711344963197],[34.908295718980469,-16.25970796812901],[34.90829512475684,-16.259706298221182],[34.908294997185642,-16.259705099398424],[34.908294874589842,-16.259704318894684],[34.908294918567876,-16.259702867326983],[34.908294332401887,-16.259696317037264],[34.908294930972943,-16.259689816612177],[34.908295314970665,-16.259683956961403],[34.908297454817564,-16.259677230302739],[34.908300693416898,-16.259670173870589],[34.908306398630828,-16.25966194312878],[34.914629158144649,-16.255756672808058],[34.899255742491825,-16.23251345923601],[34.899189520397108,-16.232426349778859]]]}},
{"type":"Feature","properties":{"AREA":0.0,"PERIMETER":7911.812,"ID":"Object 749","CAPTION":null,"STYLE":13,"Distance":0.0},"geometry":{"type":"MultiLineString","coordinates":[[[34.91322576020184,-16.239947088023492],[34.905670897310088,-16.228475612533657],[34.905669815752113,-16.228473824995206],[34.905669755390747,-16.228473675540332],[34.905669667412774,-16.228473474828522],[34.905669602375411,-16.228473325415667],[34.905669512862225,-16.228473062369446],[34.90566943274456,-16.228472803756784],[34.905669329721128,-16.228472497459276],[34.905669203226658,-16.228472084748148],[34.905669061356257,-16.228471532117595],[34.90566888591492,-16.228470795454797],[34.905668731935805,-16.228469956492706],[34.905667890235065,-16.228465492151777],[34.905667452442358,-16.228463248838565],[34.905666672746825,-16.228456772533267],[34.905666823598672,-16.228451844766248],[34.905668035888013,-16.228447099929891],[34.905670573351443,-16.228442342285074],[34.905675489798611,-16.228438419878444],[34.917072156800309,-16.221434204818866],[34.917842515472834,-16.220950129252664],[34.917994304570534,-16.220869485283536],[34.918110880365006,-16.220807057850298],[34.918280864862162,-16.220703866356377],[34.91832874573744,-16.220675594773521],[34.918363241235916,-16.220650876926832],[34.918381233939222,-16.220633934573595],[34.918387050102659,-16.220623204249424],[34.918388923585979,-16.220612890881839],[34.918388045686093,-16.220603746333595],[34.918386371127298,-16.220593846355197],[34.918383512648596,-16.220583956175432],[34.918379875981771,-16.220575217881358],[34.918371414119207,-16.220557371624476],[34.918358163969003,-16.220534228421783],[34.918342507522233,-16.220508968167053],[34.918322938276226,-16.220478421122365],[34.918301424578033,-16.220446029348192],[34.918275065899422,-16.220410887458439],[34.91813294164136,-16.220223067402685],[34.910770272418482,-16.208998818804506],[34.910500363719663,-16.208615417003983],[34.894967109977294,-16.184961502794767],[34.893098521377475,-16.182070170449492],[34.890714705650041,-16.178378416374201],[34.887488579425344,-16.173505123378618],[34.887470637543295,-16.173475029963633],[34.887434870302982,-16.173446954824449],[34.887375632569302,-16.173396610536347],[34.887178188649791,-16.173230373323186],[34.886865919760936,-16.172961048587048],[34.886679730170442,-16.17281160828605]]]}},
{"type":"Feature","properties":{"AREA":0.0,"PERIMETER":2798.375,"ID":"Object 750","CAPTION":null,"STYLE":13,"Distance":0.0},"geometry":{"type":"MultiLineString","coordinates":[[[34.81191152151473,-16.218019920343469],[34.811795245044195,-16.21793104677355],[34.811479797962477,-16.217695445419093],[34.804118312733713,-16.211438297833705],[34.804112397134773,-16.211432629846247],[34.804110713380851,-16.211431157660428],[34.804109292699479,-16.211429714866881],[34.804108136737725,-16.21142858519535],[34.804106450681239,-16.211426860009148],[34.804104762969473,-16.211424850189587],[34.804103074673876,-16.211422776216359],[34.804099024413667,-16.211418390913835],[34.804095612468217,-16.211413955005661],[34.804091823321315,-16.211409281029731],[34.804088537950392,-16.211405085318528],[34.80408499849603,-16.211400409220939],[34.80408196502151,-16.211396453545575],[34.804079049330312,-16.211391772148094],[34.804076260981844,-16.211387209853061],[34.804072703962653,-16.211380603723939],[34.804068624651016,-16.211371587499382],[34.804066324717262,-16.211365815595233],[34.804064651835823,-16.211360399820428],[34.8040628470456,-16.211354260444999],[34.804062155361166,-16.211350296619976],[34.804061943689945,-16.211349132719494],[34.804061730242466,-16.211347773647297],[34.804061642268152,-16.211346944850877],[34.804061343329849,-16.211345029861221],[34.804061184256483,-16.211343787800587],[34.804061034605638,-16.211342039620057],[34.80406078826519,-16.211340046470244],[34.804060635088788,-16.21133801367225],[34.804060426040287,-16.211336007554607],[34.803666975447655,-16.197012585524291]]]}},
{"type":"Feature","properties":{"AREA":0.0,"PERIMETER":4663.345,"ID":"Object 752","CAPTION":null,"STYLE":13,"Distance":0.0},"geometry":{"type":"MultiLineString","coordinates":[[[34.89150071119542,-16.220802059221725],[34.868074624806781,-16.18526135342686],[34.867664449653418,-16.184607436191655],[34.867015746771187,-16.183660911977103],[34.866234560942225,-16.182530518962444],[34.866096978099435,-16.182301568475946],[34.865314828591487,-16.181067382687704],[34.864287497924202,-16.179582619544707]]]}},
{"type":"Feature","properties":{"AREA":0.0,"PERIMETER":12207.81,"ID":"Object 729","CAPTION":"Boulevard","STYLE":13,"Distance":0.0},"geometry":{"type":"MultiLineString","coordinates":[[[34.849029153747615,-16.18204057966182],[34.849461282386613,-16.182080740200309],[34.84969054912262,-16.182298339903614],[34.855496607842554,-16.19324933849154],[34.856535404596769,-16.195272843367118],[34.856574801586717,-16.195368601127576],[34.856628609971366,-16.195456136526133],[34.856692278706419,-16.195535584192509],[34.856780329840859,-16.195654822111301],[34.856857596221097,-16.195766890909312],[34.856972265758095,-16.195924101240575],[34.857095001873759,-16.196079287368747],[34.857238711854016,-16.196256656527382],[34.862840489451088,-16.204803180801726],[34.869951516893678,-16.215587692350162],[34.870912272665713,-16.216938551674907],[34.872456761222743,-16.219255225112864],[34.881551376131611,-16.233073281513143],[34.886449091496914,-16.240519951456115],[34.892192029495881,-16.249179527885051],[34.896712034882292,-16.256102172210429],[34.902048343478029,-16.264210212429642],[34.90543051221578,-16.26928414834628],[34.909467692773376,-16.275336822920504],[34.909497020785807,-16.275378967518233],[34.909518843522747,-16.275406744872814],[34.909578851516002,-16.275469122205827],[34.909603394686137,-16.275492640765254],[34.909668263186816,-16.275534860244949],[34.909726504657023,-16.275567513554083],[34.909803896438284,-16.275604182135908],[34.909949649281948,-16.275657758757124],[34.910114500969847,-16.275727426593722],[34.910285470146619,-16.275776709150641],[34.910422469919659,-16.275795802978593],[34.910529934960032,-16.275808046727292],[34.910636289566149,-16.275814202109494],[34.910801583880307,-16.275820841689193],[34.91085314821467,-16.275820375994702],[34.910888858380375,-16.27581293769585],[34.910911960930974,-16.275807646340393],[34.910950739592586,-16.275791032359951],[34.910981207667994,-16.275785674472523],[34.911013790286262,-16.275781314022051],[34.911059070014332,-16.275783954662295],[34.911110693378888,-16.275789587613158],[34.911185369139112,-16.275784846919525],[34.911313595798852,-16.275767423969153],[34.911509359021217,-16.275768705050968],[34.911750588045635,-16.275791938112778],[34.911886387832091,-16.275795793723884],[34.91204023512794,-16.275815750785156],[34.912105508598572,-16.275818210513254],[34.912156099314586,-16.275825885616303],[34.912194061804449,-16.275833673935026],[34.912239430155573,-16.275845462374004],[34.91228273319696,-16.275861335627344],[34.912339716809349,-16.275877084315969],[34.91238192812034,-16.275888901257414],[34.912413546980297,-16.275893698158157],[34.912444968877288,-16.275878166046631],[34.912505896017649,-16.27586643428754],[34.912556794578023,-16.275865231443088],[34.912622695769173,-16.275878020602832],[34.912655796038216,-16.275899957836707],[34.912690603281945,-16.275928232777794],[34.912735182247928,-16.275946890107118],[34.912771232898734,-16.275933856999153],[34.912830257227697,-16.275915852456535],[34.912902697111093,-16.275924726789938],[34.912962121603535,-16.275948014479333],[34.913028123073907,-16.275971242682893],[34.913117190582376,-16.275999026928158],[34.913263915026349,-16.276037407525784],[34.913492224480351,-16.276086734495188],[34.914670011802848,-16.276220049058743],[34.915084350905822,-16.276214711401],[34.915344144301031,-16.27621235968012],[34.915783006895332,-16.276192307787827],[34.916028878249712,-16.276190081291354],[34.916203985738612,-16.276188495425306],[34.916276723308663,-16.276187836632801],[34.916318479661903,-16.276187458429423],[34.916363890207798,-16.276197208878802],[34.916388467184376,-16.276197819375259],[34.916405704859436,-16.276197246684394],[34.916417721142359,-16.276191725345026],[34.916431895034123,-16.276186431141138],[34.916456718928949,-16.276168054993526],[34.916479442564899,-16.276155358851533],[34.916503450854897,-16.276141817058136],[34.916525352449568,-16.276133292094912],[34.916537836326647,-16.276131512792556],[34.916550348513496,-16.276132649113809],[34.916563340435879,-16.276138777030503],[34.91657634354786,-16.276146153604561],[34.916591116051137,-16.276158094440319],[34.916614545795859,-16.276173704032431],[34.916629739803803,-16.276184638966825],[34.916648766850393,-16.276190881176746],[34.916673771008668,-16.276191071215752],[34.916691854034504,-16.276188825529612],[34.916715084048512,-16.276183865819974],[34.916733124239421,-16.276177209198774],[34.916751154707562,-16.276169551488056],[34.91675949422217,-16.276163525804844],[34.91677801950997,-16.276143916360624],[34.916794679023937,-16.27613216787114],[34.916804672748377,-16.276124914583832],[34.916814346939944,-16.276121075237995],[34.9168229844786,-16.276119632564686],[34.91683005520143,-16.276120421492614],[34.916837310057765,-16.276122060836073],[34.916843829702863,-16.276124576996057],[34.91686460024242,-16.276132716287538],[34.916892263609199,-16.276140376572357],[34.916915135870617,-16.276143084321088],[34.916950049582709,-16.276142767990056],[34.916990535066184,-16.276139070542257],[34.91703382847146,-16.276135710887317],[34.917077868029054,-16.276125473575945],[34.917119897042774,-16.276115703557302],[34.917222353240234,-16.27609188635433],[34.917328639132791,-16.276067178700373],[34.917487769225467,-16.276030186697007],[34.917621347540077,-16.275999135041353],[34.917694232682493,-16.275982191770872],[34.918583178940374,-16.275775542061741],[34.918983285941586,-16.275250058204776]]]}},
{"type":"Feature","properties":{"AREA":0.0,"PERIMETER":1736.306,"ID":"250 diagonal","CAPTION":"250 diagonal","STYLE":4,"Distance":0.0},"geometry":{"type":"MultiLineString","coordinates":[[[34.877365838631817,-16.212915590243185],[34.877909229809241,-16.220713109491484],[34.878637912457187,-16.228236803453054],[34.878608047611486,-16.228388275626926],[34.878452124448231,-16.228450139466542]]]}},
{"type":"Feature","properties":{"AREA":0.0,"PERIMETER":5104.295,"ID":"Object 1879","CAPTION":"To Alumenda","STYLE":13,"Distance":0.0},"geometry":{"type":"MultiLineString","coordinates":[[[34.89789908628034,-16.386937042429086],[34.891062225637462,-16.371515664853916],[34.880266578862496,-16.31696608269521],[34.884063768206559,-16.284825737774344],[34.884656763077821,-16.279046869342427],[34.885863042786752,-16.277157965535697],[34.888057508209194,-16.273173405369207],[34.888906999521751,-16.271635478456208],[34.891239365696173,-16.262575665285567],[34.891532034648421,-16.262287683593179],[34.891622135864161,-16.261872671087339],[34.892791373415413,-16.260112395739515],[34.893812728570289,-16.258795332002968],[34.894939147014206,-16.25816696098298],[34.895108951739203,-16.257903855305067],[34.895106899491196,-16.257689848461506],[34.894732186633696,-16.257122467341137],[34.896591822245668,-16.255940575458805]]]}},
{"type":"Feature","properties":{"AREA":0.0,"PERIMETER":0.009,"ID":"658","CAPTION":"658","STYLE":7,"Distance":0.0},"geometry":{"type":"MultiLineString","coordinates":[[[34.916007558963543,-16.391027758233793],[34.916007573861144,-16.391027800081098],[34.916007612081422,-16.391027784083946]]]}},
{"type":"Feature","properties":{"AREA":0.0,"PERIMETER":3845.784,"ID":"662","CAPTION":"662","STYLE":7,"Distance":0.0},"geometry":{"type":"MultiLineString","coordinates":[[[34.854109711930647,-16.380755707210685],[34.85449482995768,-16.380748106291151],[34.854963010838269,-16.3806913349115],[34.855401422481066,-16.38034636737995],[34.860135925066032,-16.376595088648312],[34.863233949307165,-16.374165764489753],[34.863541059804682,-16.373949857601989],[34.870657056786747,-16.368329650746436],[34.872060438540849,-16.367293878248809],[34.872835767998545,-16.366702880388651],[34.873712299218639,-16.366628656716053],[34.877888253812678,-16.367099851703976],[34.882221410758063,-16.367629652280453],[34.884093319258291,-16.367868730858891],[34.884874440355929,-16.367961225289218]]]}},
{"type":"Feature","properties":{"AREA":0.0,"PERIMETER":580.416,"ID":"668","CAPTION":"668","STYLE":7,"Distance":0.0},"geometry":{"type":"MultiLineString","coordinates":[[[34.891151232572874,-16.371585926772749],[34.892641638122605,-16.373476980643446],[34.894415745269136,-16.375777623777893]]]}},
{"type":"Feature","properties":{"AREA":0.0,"PERIMETER":894.714,"ID":"666","CAPTION":"666","STYLE":7,"Distance":0.0},"geometry":{"type":"MultiLineString","coordinates":[[[34.890430326854307,-16.389954722412043],[34.892702581417964,-16.388939420756543],[34.894066059164935,-16.388344440182451],[34.894419239159788,-16.388327046512178],[34.894959674966856,-16.388458015143769],[34.895392373496882,-16.388474612701685],[34.895876397420437,-16.388285489860177],[34.896155144066306,-16.388183490724529],[34.896315705658957,-16.388039920147229],[34.896475441838724,-16.387811083305444],[34.896619768483987,-16.387511324013879],[34.897821011163593,-16.386889359599618]]]}},
{"type":"Feature","properties":{"AREA":0.0,"PERIMETER":368.013,"ID":"672","CAPTION":"672","STYLE":7,"Distance":0.0},"geometry":{"type":"MultiLineString","coordinates":[[[34.892666269263174,-16.388982977479415],[34.892946298847519,-16.389478636100176],[34.893157204423964,-16.389941704687036],[34.893644293175491,-16.39050192154923],[34.894269636933814,-16.391127315360631],[34.894000195586912,-16.391727557416012]]]}},
{"type":"Feature","properties":{"AREA":0.0,"PERIMETER":3410.439,"ID":"669","CAPTION":"669","STYLE":7,"Distance":0.0},"geometry":{"type":"MultiLineString","coordinates":[[[34.893089873886844,-16.376535153319772],[34.894299902102574,-16.375977638857812],[34.900991128159596,-16.372193686401591],[34.904009021723844,-16.370674121924328],[34.909916535101139,-16.368080166998176],[34.913639518393303,-16.366422620445629],[34.91866447243482,-16.359412935437199]]]}},
{"type":"Feature","properties":{"AREA":0.0,"PERIMETER":2264.629,"ID":"667","CAPTION":"667","STYLE":7,"Distance":0.0},"geometry":{"type":"MultiLineString","coordinates":[[[34.909909426439015,-16.381481159221618],[34.910147803182461,-16.381229907132365],[34.910677449983908,-16.380859768707904],[34.911345181563973,-16.380538192129855],[34.914136808430122,-16.379283980213316],[34.917695683185798,-16.377769639005223],[34.919467967570384,-16.376843902607604],[34.922208158137046,-16.375539798777403],[34.924612672163327,-16.374537186653079],[34.929396050217953,-16.374422325451441]]]}},
{"type":"Feature","properties":{"AREA":0.0,"PERIMETER":6619.09,"ID":"B 215","CAPTION":"B 215","STYLE":7,"Distance":0.0},"geometry":{"type":"MultiLineString","coordinates":[[[34.886732014178079,-16.399595474782238],[34.887235043354444,-16.399846779987985],[34.887975551967983,-16.4002949229771],[34.888690457011371,-16.401141237761028],[34.889286490310823,-16.401874919781328],[34.889674490519049,-16.402411498428052],[34.89021795266504,-16.403799415439188],[34.890309582602512,-16.404139686153062],[34.891694896421882,-16.404269341062221],[34.90000017559597,-16.404364947276264],[34.906361758405176,-16.404449444561575],[34.913930856833808,-16.404551176223467],[34.915195332014875,-16.404369108181211],[34.916220348083101,-16.403791277643403],[34.919621479253998,-16.402282174164494],[34.922672010088611,-16.401060469908685],[34.923873371011851,-16.400452567961825],[34.924549475192812,-16.400332680792825],[34.925924974646897,-16.399467356426452],[34.92797767518703,-16.398595812964849],[34.928942330400886,-16.397876359989777],[34.929790043209032,-16.397243249021294],[34.930404721781969,-16.396868091936504],[34.930992476193275,-16.396748996957736],[34.931638836823993,-16.396600937732188],[34.932369601439056,-16.396054164441903],[34.932570097964685,-16.395483840820997],[34.93274395455834,-16.395198002193769],[34.928851725116331,-16.385683261638519]]]}},
{"type":"Feature","properties":{"AREA":0.0,"PERIMETER":2016.611,"ID":"659","CAPTION":"659","STYLE":7,"Distance":0.0},"geometry":{"type":"MultiLineString","coordinates":[[[34.916007612081422,-16.391027784083946],[34.929290838828891,-16.385423417174437],[34.929668828675823,-16.384936740029449],[34.930050455019661,-16.384819542074045],[34.930550688440455,-16.384786527023422],[34.931822854952358,-16.385400175286261],[34.933181392611417,-16.38581405288355]]]}},
{"type":"Feature","properties":{"AREA":0.0,"PERIMETER":5166.456,"ID":"661","CAPTION":"661","STYLE":7,"Distance":0.0},"geometry":{"type":"MultiLineString","coordinates":[[[34.894568969919092,-16.397720013465079],[34.894087137210349,-16.396615798558994],[34.893861220075593,-16.396091979870199],[34.892746788373493,-16.393515381191978],[34.891949368683548,-16.391746021955143],[34.891340423000571,-16.391197220923438],[34.890925058034469,-16.39087407387062],[34.890656911960242,-16.390549602137476],[34.890386161722517,-16.389955119473235],[34.889037929276199,-16.390606790503377],[34.887824785378363,-16.391527275030651],[34.887588277314237,-16.391429912192248],[34.887320546116086,-16.391148069014751],[34.886934630622186,-16.390824649077963],[34.886729072731043,-16.390883343035767],[34.88640724525294,-16.391099415655837],[34.885837197425943,-16.391530899546751],[34.885373837443936,-16.391616294355334],[34.884883693795366,-16.391894758382364],[34.884358762703926,-16.392425320705733],[34.88417134110739,-16.392839158579722],[34.883706933587554,-16.393539725474827],[34.883313810636615,-16.393998042970754],[34.883092979491842,-16.39400002118678],[34.882973973420278,-16.393873175898594],[34.882597454063394,-16.392995381658121],[34.882037312663712,-16.391394399425163],[34.881553656414461,-16.390091190099419],[34.881040154769593,-16.388745608690421],[34.88066461081592,-16.387967286756002],[34.880129723107885,-16.387460423744795],[34.878884796112509,-16.386604593999159],[34.877831939943576,-16.385818103027749],[34.876987369883636,-16.385257145746756],[34.87673547191487,-16.385088844633867],[34.87577436047556,-16.384656833406094],[34.874638254194558,-16.384322562758594],[34.873446475010269,-16.383818390911191],[34.872565901750569,-16.383477502947205],[34.871388796451761,-16.382707489206634],[34.870488178465834,-16.382067858992308],[34.867986312727218,-16.380050240379489],[34.866165037854806,-16.377408667594146],[34.864805158292583,-16.375288848394899],[34.863838040371434,-16.374217265355902],[34.863585492073803,-16.373977889179375]]]}},
{"type":"Feature","properties":{"AREA":0.0,"PERIMETER":3733.093,"ID":"660","CAPTION":"660","STYLE":7,"Distance":0.0},"geometry":{"type":"MultiLineString","coordinates":[[[34.916004018849755,-16.391028037428757],[34.913515946738457,-16.39211346742962],[34.910093693980905,-16.393547779659013],[34.907594516848995,-16.394604186141631],[34.906995053287758,-16.394875318706333],[34.906429829277791,-16.39512953340456],[34.905571531751832,-16.395319980246821],[34.905107575409275,-16.395374003177324],[34.901125521031226,-16.396306773386986],[34.885784193972619,-16.399788742089136],[34.884288653324383,-16.400441711791466],[34.882777559216386,-16.401009537016986]]]}},
{"type":"Feature","properties":{"AREA":0.0,"PERIMETER":3925.827,"ID":"665","CAPTION":"665","STYLE":7,"Distance":0.0},"geometry":{"type":"MultiLineString","coordinates":[[[34.862330945641794,-16.390988626856046],[34.863181548546542,-16.391125117350384],[34.863954334560987,-16.391425334224866],[34.864287367946474,-16.391547393850761],[34.864212727138998,-16.392146318090937],[34.864039543532691,-16.39324466811486],[34.863735900552037,-16.394442558870409],[34.863612053486335,-16.395353256170626],[34.863661223630864,-16.395878682313583],[34.863902597129389,-16.396487679045993],[34.864203403279681,-16.397152998138687],[34.864396283583311,-16.397307624693727],[34.864580309903936,-16.397547470629352],[34.864943992626365,-16.397615440226645],[34.865243586095978,-16.39815285579397],[34.865335846918498,-16.398564198691499],[34.865398392258442,-16.398947380307728],[34.86528345418246,-16.399246862350537],[34.865064645142297,-16.399461991349437],[34.864995498546612,-16.399931616629846],[34.865267140136531,-16.400625616910467],[34.865527581673689,-16.401689240263089],[34.865917146468774,-16.402396404704906],[34.866305224055907,-16.402947244293031],[34.866406889004104,-16.403276995187859],[34.8666483220955,-16.403413207798593],[34.868531770132449,-16.403282767712785],[34.868769507009027,-16.403508052504527],[34.86912489217351,-16.403718078069922],[34.871079916114347,-16.40337379183071],[34.871169475911209,-16.403500906176728],[34.871317927417969,-16.403627495915504],[34.871833092975237,-16.403608694744761],[34.872347578698395,-16.403518836298971],[34.872815312131173,-16.403159357374204],[34.87426130969741,-16.401938409626741],[34.875546837248137,-16.400875222088704],[34.875569748488445,-16.400192822414596],[34.875727204762065,-16.399722407880802],[34.876360513037426,-16.398903973758042],[34.876879935411054,-16.398631974525912],[34.877407492176303,-16.398371439653371],[34.877987706784864,-16.398158772444855],[34.878461783301745,-16.397765099379193],[34.879559552617231,-16.397087303671487],[34.880363686974142,-16.396497404160389],[34.883269917667072,-16.394026860888108]]]}},
{"type":"Feature","properties":{"AREA":0.0,"PERIMETER":1462.418,"ID":"664","CAPTION":"664","STYLE":7,"Distance":0.0},"geometry":{"type":"MultiLineString","coordinates":[[[34.855077926678874,-16.380560296271945],[34.855251033730539,-16.380675013799944],[34.855599659298484,-16.380689288224485],[34.855785575364216,-16.380931386140865],[34.856318172341076,-16.381425241625667],[34.857014369159856,-16.382227862844811],[34.85752979501698,-16.383331209985261],[34.858113241730813,-16.384345322574234],[34.858664788747944,-16.385625610016127],[34.859308361222624,-16.386927239579475],[34.859567348588982,-16.387611845463589],[34.859617036879676,-16.388010248701544],[34.859656405917335,-16.388530611762221],[34.859798954469859,-16.389038983312709],[34.860471506318852,-16.389764245125754],[34.861133720089519,-16.390201859963032],[34.861593341894398,-16.390538891456494],[34.86186049858226,-16.39076392612272],[34.862333281291455,-16.391007937219047],[34.86238441245807,-16.39095766568191]]]}},
{"type":"Feature","properties":{"AREA":0.0,"PERIMETER":1311.972,"ID":"B 216","CAPTION":"B 216","STYLE":7,"Distance":0.0},"geometry":{"type":"MultiLineString","coordinates":[[[34.862468448578838,-16.390965251000264],[34.862570680592711,-16.390853555991249],[34.865389651981729,-16.387981280692831],[34.867140479653372,-16.386237430935573],[34.870879645982754,-16.382393058378955],[34.870913755517485,-16.382359518288347]]]}},
{"type":"Feature","properties":{"AREA":0.0,"PERIMETER":1915.283,"ID":"671","CAPTION":"671","STYLE":7,"Distance":0.0},"geometry":{"type":"MultiLineString","coordinates":[[[34.893253723974958,-16.376520537819495],[34.891610715314137,-16.377510248644896],[34.889441964075644,-16.378726246255773],[34.886885368855118,-16.380189436940348],[34.886589568439589,-16.38045798155061],[34.878613494279769,-16.386445470467024]]]}},
{"type":"Feature","properties":{"AREA":0.0,"PERIMETER":1098.388,"ID":"B 217","CAPTION":"B 217","STYLE":7,"Distance":0.0},"geometry":{"type":"MultiLineString","coordinates":[[[34.89789908628034,-16.386937042429093],[34.901912797732862,-16.396073972022645]]]}},
{"type":"Feature","properties":{"AREA":0.0,"PERIMETER":6752.647,"ID":"657","CAPTION":"657","STYLE":7,"Distance":0.0},"geometry":{"type":"MultiLineString","coordinates":[[[34.887214022061841,-16.352312140379176],[34.889777339413527,-16.36497531572121],[34.891062225637462,-16.371515664853916],[34.893169294224101,-16.376286272112207],[34.89733864417348,-16.385728306115073],[34.89786490017746,-16.386860539015171],[34.900926924269704,-16.385312174036518],[34.904957358705019,-16.383565996813747],[34.905743430331299,-16.383583349458377],[34.906174371312886,-16.383579444590165],[34.906604121963149,-16.383453183875954],[34.907133365090687,-16.383130234853105],[34.907435176583014,-16.382882766808564],[34.907660939293365,-16.382635987883798],[34.907962034818318,-16.382315106292452],[34.908315018861089,-16.38211611924164],[34.908819859142753,-16.381891280501524],[34.909375634896065,-16.381690451600736],[34.909943787025391,-16.381464256441411],[34.910286383650288,-16.381873298989124],[34.910778407649268,-16.382508378339015],[34.911381519297898,-16.38396675278673],[34.911683563996419,-16.384745677138238],[34.911660913446156,-16.385442279234038],[34.911786445814585,-16.386237019544133],[34.91214849108178,-16.387129094403782],[34.91261026084986,-16.387679169482766],[34.913856291680979,-16.388634259438966],[34.91559300553471,-16.390082295850146],[34.916114095133665,-16.390674457411617],[34.916175761020142,-16.390958138035735]]]}},
{"type":"Feature","properties":{"AREA":0.0,"PERIMETER":5141.317,"ID":"B 220","CAPTION":"B 220","STYLE":7,"Distance":0.0},"geometry":{"type":"MultiLineString","coordinates":[[[34.844136108319375,-16.135652461875861],[34.84534917218587,-16.135442539682927],[34.845894597742529,-16.134928172008664],[34.846483196192061,-16.134125368355349],[34.846420923784031,-16.13235322431801],[34.847004173708292,-16.130974344260249],[34.847866590879583,-16.130036215440349],[34.848984637197297,-16.129472562883766],[34.849785059073859,-16.129266196010846],[34.851137871206447,-16.129298776417574],[34.852402907822906,-16.129753121780521],[34.853787300772481,-16.130716066388221],[34.854915642836588,-16.131260217240754],[34.856292626399984,-16.131425503930998],[34.857460626283086,-16.131304542244024],[34.858927232152425,-16.131247446986606],[34.860901433697187,-16.131540447465202],[34.862186938250716,-16.131728651913008],[34.864000276223656,-16.131978710638329],[34.865284747393488,-16.132056113227513],[34.867371701827167,-16.132148640884449],[34.869162954493916,-16.132487481185247],[34.872174500127862,-16.133391710956744],[34.874496314964617,-16.134080377520078],[34.875162729374544,-16.134251784016865],[34.87530109738114,-16.134339200045748],[34.875280469269022,-16.134583121990964],[34.874663025725468,-16.134743659027123],[34.873294976028355,-16.135531221117809],[34.872524151373497,-16.13644648066612],[34.872143213826284,-16.137380472879418],[34.872021504713629,-16.139065569195086],[34.872538724588779,-16.140434838065211],[34.873672585203295,-16.14155494446906],[34.874455935054691,-16.141969063226021],[34.875697543717258,-16.142356988138783]]]}},
{"type":"Feature","properties":{"AREA":0.0,"PERIMETER":1292.278,"ID":"B 221","CAPTION":"B 221","STYLE":7,"Distance":0.0},"geometry":{"type":"MultiLineString","coordinates":[[[34.869023758756555,-16.132311434787336],[34.869871305715051,-16.129800117718851],[34.870071364877894,-16.129133614786475],[34.87032787114677,-16.129596689869203],[34.871018646021,-16.129923005536725],[34.87230518352051,-16.130221931352189],[34.873751968905111,-16.130497282995002],[34.873890125245779,-16.130562543932314],[34.873872828987771,-16.131160968683371],[34.873878246490897,-16.131737035627836],[34.874116011166308,-16.132643434420356],[34.87460446354752,-16.133392521369714],[34.87534423062823,-16.134050763731068],[34.875277757959793,-16.134295088866029]]]}},
{"type":"Feature","properties":{"AREA":0.0,"PERIMETER":875.491,"ID":"B 222","CAPTION":"B 222","STYLE":7,"Distance":0.0},"geometry":{"type":"MultiLineString","coordinates":[[[34.873911796990484,-16.130429403993968],[34.873999525572337,-16.130007626396186],[34.874270002894363,-16.129517768193057],[34.874632165779204,-16.129027103952815],[34.875292099736768,-16.12851166323847],[34.875861803718806,-16.12815212199655],[34.879776101931355,-16.125126305990165]]]}},
{"type":"Feature","properties":{"AREA":0.0,"PERIMETER":5615.689,"ID":"Object 1880","CAPTION":"Object 1880","STYLE":7,"Distance":0.0},"geometry":{"type":"MultiLineString","coordinates":[[[35.067388079072202,-16.539215032640939],[35.067352026626246,-16.540036504142165],[35.066478121828446,-16.54211955908314],[35.066226348381264,-16.543721066106908],[35.066555604363927,-16.54518716541811],[35.067557346595279,-16.546689812225623],[35.068377133614852,-16.547934958861454],[35.068745225805039,-16.548838852398003],[35.068936880238304,-16.550003794845086],[35.068989059139049,-16.550694740288414],[35.06873407689924,-16.551993764890291],[35.068295732240934,-16.552905660933799],[35.06763152580556,-16.553646931346275],[35.06656224402893,-16.55421935139384],[35.065759472435097,-16.554573042312665],[35.06428556877399,-16.555019812584575],[35.057626832353485,-16.556684682629609],[35.055616155662484,-16.557223128219736],[35.05494867597325,-16.557661879477948],[35.054639627472852,-16.558097094682079],[35.054198454465336,-16.558749696092629],[35.053898104035035,-16.560005943379952],[35.05346058799352,-16.561004241944062],[35.052711262351472,-16.562178479804718],[35.051912088680545,-16.562877822023843],[35.047724117593319,-16.565166311189781],[35.046698598343987,-16.565651776924557],[35.045719248882833,-16.566266435473434],[35.044248844343151,-16.567058778410413],[35.043894950660324,-16.567494421472517],[35.043142807493368,-16.568409358456179],[35.04265494339203,-16.568889531228727],[35.042124547765241,-16.569586205240615],[35.041683763404642,-16.570281999624989],[35.040569039961653,-16.570811530954582],[35.039498662554145,-16.57129740541216],[35.038383471353391,-16.571783713679956]]]}},
{"type":"Feature","properties":{"AREA":0.0,"PERIMETER":3638.029,"ID":"Object 1881","CAPTION":"Object 1881","STYLE":7,"Distance":0.0},"geometry":{"type":"MultiLineString","coordinates":[[[35.053955050318926,-16.559641126352922],[35.053871569302672,-16.559012219246778],[35.05384667594997,-16.558475341874257],[35.053726362458349,-16.557994969388663],[35.053567449891652,-16.557496455718432],[35.053293720178196,-16.55703611621491],[35.053116981182889,-16.55666742800517],[35.052787021716682,-16.556337291984867],[35.05251525662775,-16.556062146587188],[35.052205089048044,-16.555787378939002],[35.051895118359589,-16.555531130330049],[35.051563398984854,-16.555034315735508],[35.051131559009143,-16.554149534207113],[35.050969914414189,-16.553391743075814],[35.050908196147539,-16.553003398702529],[35.050714223510148,-16.552820092178067],[35.050580793310274,-16.552914012548101],[35.050372711819101,-16.553212404017867],[35.049975356812027,-16.553771958323541],[35.0496530435369,-16.554164080430343],[35.049195339332833,-16.554464925797291],[35.048660044485246,-16.55469244691621],[35.048048137483484,-16.554939241279637],[35.04732004097859,-16.555094567793901],[35.046321946896654,-16.555141413861389],[35.045591893324563,-16.555111538187294],[35.044820896847561,-16.554841281198673],[35.044241527811892,-16.554532098370725],[35.043429399005426,-16.554002937098211],[35.043001500038237,-16.553488527730899],[35.042630037163605,-16.552862434488301],[35.042256821248856,-16.552069663174485],[35.042074256604607,-16.551145371919038],[35.042103687638289,-16.55029308989462],[35.042268892029014,-16.549569128987091],[35.042624740754206,-16.548713648870269],[35.043078542463078,-16.548042424487502],[35.043649302906275,-16.547536747267522],[35.04429744941185,-16.547085874711001],[35.044794329108257,-16.546858742990398],[35.044735359919265,-16.546729670269706],[35.044082726639935,-16.546754591467447],[35.043275315536597,-16.546669897971476],[35.042447533841504,-16.54647427117855],[35.0415792075989,-16.54607530018006],[35.041037492624483,-16.545691649818615],[35.040378042858009,-16.54506836887381],[35.039948031560392,-16.544350232725833],[35.039594047197703,-16.543557265084065],[35.039413649296371,-16.542836685582486],[35.03944075915593,-16.541762165316086]]]}},
{"type":"Feature","properties":{"AREA":0.0,"PERIMETER":651.67,"ID":"Object 1882","CAPTION":"Object 1882","STYLE":7,"Distance":0.0},"geometry":{"type":"MultiLineString","coordinates":[[[34.884906153457052,-16.368016043234242],[34.886283496355404,-16.366931881287044],[34.888674119974844,-16.36539203121059],[34.889963215047835,-16.364755233392351]]]}},
{"type":"Feature","properties":{"AREA":0.0,"PERIMETER":2659.609,"ID":"Object 1883","CAPTION":"Object 1883","STYLE":7,"Distance":0.0},"geometry":{"type":"MultiLineString","coordinates":[[[34.847784209363397,-16.130027268257439],[34.849239017656991,-16.128196832811998],[34.851103324452815,-16.126441872705115],[34.852318680032127,-16.125245785414322],[34.853617982545749,-16.12428607063293],[34.854258073465161,-16.122778828465755],[34.854406150704072,-16.121117789798312],[34.85431631061013,-16.120249176641533],[34.854710387074441,-16.118665035964376],[34.85511033931278,-16.117713130214753],[34.85616431967901,-16.116755537367609],[34.858122731437028,-16.116343318783752],[34.859268019009662,-16.116412381152752],[34.860584923482556,-16.117349332891951],[34.861329559838765,-16.118291266965791],[34.861914383533886,-16.119629769709185],[34.862163338024843,-16.120022775096885]]]}},
{"type":"Feature","properties":{"AREA":0.0,"PERIMETER":1130.538,"ID":"Object 1884","CAPTION":"Object 1884","STYLE":7,"Distance":0.0},"geometry":{"type":"MultiLineString","coordinates":[[[34.863910481546853,-16.123247975054344],[34.860803742101183,-16.123275092544826],[34.857453199726457,-16.123462358728446],[34.85516548379946,-16.123640334127412],[34.853698269953995,-16.124127301471191],[34.853618717378751,-16.124365100051449]]]}},
{"type":"Feature","properties":{"AREA":0.0,"PERIMETER":1151.248,"ID":"Object 1885","CAPTION":"Object 1885","STYLE":7,"Distance":0.0},"geometry":{"type":"MultiLineString","coordinates":[[[34.869614658912603,-16.129916058516457],[34.868950954213616,-16.128894417966315],[34.869024559970505,-16.128024385800025],[34.869173994126655,-16.126521407636872],[34.869407407375881,-16.125254799130488],[34.869726280829966,-16.124382617619712],[34.869883122266195,-16.123669926325046],[34.869633407070936,-16.123197903522808],[34.869142130462428,-16.123123172578968],[34.8686515948202,-16.123127469282931],[34.867915791087604,-16.123133912227051],[34.866851482847821,-16.122985156564976],[34.866196695144474,-16.122911849324257]]]}},
{"type":"Feature","properties":{"AREA":0.0,"PERIMETER":75651.515,"ID":"948","CAPTION":"M1 Road","STYLE":7,"Distance":0.0},"geometry":{"type":"MultiLineString","coordinates":[[[34.807024701695589,-16.049259449030114],[34.811707740326391,-16.052836236230654],[34.815622170609892,-16.056233968887199],[34.818397871074225,-16.06093945720523],[34.8212393763108,-16.06759158249465],[34.825617540782162,-16.075524546876011],[34.828215743167092,-16.082536658037213],[34.833429454155052,-16.098378418046732],[34.835369218084402,-16.104842769393048],[34.837912284098195,-16.114544694129467],[34.841084478922149,-16.125441559375425],[34.844090877927023,-16.135719328760466],[34.845940673641216,-16.142373041233483],[34.848407844899533,-16.151303691292874],[34.84845052815529,-16.153430535435938],[34.848333900452218,-16.158151303433208],[34.84848126923486,-16.161673220963593],[34.848620763567816,-16.166812772596309],[34.848779084525859,-16.171508988761151],[34.849051167514737,-16.18103475091813],[34.849272102175952,-16.189984829107857],[34.849812875875564,-16.20647569101617],[34.850209283582444,-16.220579733071311],[34.850532398185187,-16.23030468228934],[34.850729979813934,-16.232441217868878],[34.851417399776416,-16.234362290514923],[34.85283877518988,-16.237332876195648],[34.855122814057722,-16.241958986119059],[34.856897166743721,-16.244675659823482],[34.859220909605249,-16.247691072329541],[34.864939538538181,-16.254992675690044],[34.868650529567738,-16.260186770558128],[34.871601082852379,-16.265862666174293],[34.876501963693812,-16.272670210274775],[34.880124200041813,-16.27756980363678],[34.881928370246754,-16.280055162787271],[34.882544099304759,-16.281357233613036],[34.882907669262096,-16.282448359352504],[34.883128039534505,-16.283952921223456],[34.882956970764404,-16.286072105172877],[34.882284127470264,-16.288039419038821],[34.879199489335953,-16.294803584873822],[34.875725601254977,-16.302438141637239],[34.870720610472077,-16.313141926490189],[34.868561219153271,-16.316671547162898],[34.866812854688263,-16.321647197746369],[34.865437224532357,-16.325582028272891],[34.863447009096603,-16.331455192448736],[34.861855069629947,-16.335875147845986],[34.858254633457612,-16.340926046293667],[34.857070250206547,-16.343549502906718],[34.856220919261233,-16.34557517261138],[34.854460517430674,-16.349328584233106],[34.854228538281959,-16.351263540043547],[34.854230133073948,-16.356110023551675],[34.854250986808154,-16.364552121151608],[34.854222156983546,-16.370848550586022],[34.854178821421328,-16.378722700378869],[34.854061650558194,-16.380343966238353],[34.854229697358122,-16.382545433395929],[34.856269314947824,-16.388041914723754],[34.857624056408746,-16.391170922604417],[34.858906178250145,-16.394400046632121],[34.859526522510521,-16.396156912311216],[34.859929550170804,-16.39828522334378],[34.860245462191571,-16.402091379006567],[34.860786430184113,-16.406336125972832],[34.861403212190353,-16.410807595718868],[34.863056621652987,-16.426404835108297],[34.864241745232142,-16.433482519635664],[34.867370853682019,-16.443470613918262],[34.869335441739757,-16.448538107317816],[34.871038437954056,-16.459617441619844],[34.874022102458056,-16.470993454187408],[34.880347765984389,-16.481106654899516],[34.886778574267019,-16.485517349643342],[34.89207233614372,-16.487934954634142],[34.895937971248543,-16.491289894289093],[34.90396793154477,-16.495839570599372],[34.91808814912882,-16.502490312850078],[34.929483534986552,-16.508086587086428],[34.932852671631771,-16.509596299084393],[34.934934992676638,-16.510193363949984],[34.946779505355636,-16.512702754243826],[34.950294625095474,-16.512824047222281],[34.953995780186233,-16.515562961507609],[34.957051983301326,-16.517691511663841],[34.961700710304825,-16.519342805208456],[34.970491101377526,-16.519876363866782],[34.974491717277957,-16.520608979986122],[34.980598455749863,-16.524249093992044],[34.987840775283942,-16.529573080939336],[34.993152581632195,-16.533528504093123],[34.998931074561376,-16.536246659089233],[35.003428740959173,-16.538668784466665],[35.01036605107538,-16.540017237070916],[35.015473949234803,-16.544152217230664],[35.017606517797638,-16.546280273778738],[35.019828790123114,-16.550262081591015],[35.022935729948955,-16.555863737233764],[35.02458601963864,-16.558946318897704],[35.025972516588531,-16.561466008059742],[35.035772525453595,-16.570146036213416],[35.041176364145173,-16.573304799742228],[35.046294422224001,-16.576036485088359],[35.051837122291474,-16.578990015327033],[35.05556248968653,-16.580853097957558],[35.063770184132736,-16.58296572176479],[35.070401960319181,-16.584641350510875],[35.076188615951367,-16.58623472340167]]]}},
{"type":"Feature","properties":{"AREA":0.0,"PERIMETER":3141.626,"ID":"Object 1886","CAPTION":"Object 1886","STYLE":7,"Distance":0.0},"geometry":{"type":"MultiLineString","coordinates":[[[34.823869323073289,-16.072061818734593],[34.823054112373377,-16.072305877917099],[34.822653347368849,-16.073178702638224],[34.822088383194092,-16.073973888014944],[34.821603713450969,-16.074610313935153],[34.820706750570288,-16.074855061356356],[34.819892961963092,-16.075257172556643],[34.819324386250194,-16.075657195653093],[34.818760120717037,-16.07653140553554],[34.818354299191775,-16.076851005272513],[34.817379172877061,-16.077491591875386],[34.816725973620656,-16.077576178021683],[34.816074209128274,-16.077818825158928],[34.815669815607407,-16.078296483361324],[34.815183679921915,-16.078774834744422],[34.815104091950332,-16.079012622806701],[34.815354335878659,-16.079563761906744],[34.815359358919096,-16.080116982104034],[34.815040287984075,-16.080989103161073],[34.814965721742496,-16.081780111463978],[34.814724084354722,-16.082177349864093],[34.800751182736356,-16.082848732278393]]]}},
{"type":"Feature","properties":{"AREA":0.0,"PERIMETER":0.0,"ID":null,"CAPTION":null,"STYLE":0,"Distance":0.0},"geometry":{"type":"MultiLineString","coordinates":[[[34.86410585924456,-16.25392827279763],[34.864373766309093,-16.253829816601492],[34.864586061865317,-16.253728500046353],[34.864798055662206,-16.253595220518868],[34.865255130220909,-16.253328369577336],[34.865569618252579,-16.253130870677307],[34.865871451678352,-16.252942931404853],[34.866173293290281,-16.252755922741564],[34.866237548181779,-16.252721838542278],[34.866507796305882,-16.252557453217076],[34.866566277362423,-16.252524350859254],[34.866613351637184,-16.252508108073179],[34.866671982100826,-16.252490832393306],[34.866720002523692,-16.25247271912826],[34.866775609850798,-16.252441504159773],[34.866854232834491,-16.252397982584693],[34.867007238790862,-16.252295730616545],[34.867049675376762,-16.252270316980017],[34.86741445445891,-16.252040464462336],[34.868802232301206,-16.251206003888967],[34.869791677004912,-16.250581265890805],[34.869924974068802,-16.250493711977008],[34.8715821427935,-16.249425626612158],[34.873347137750507,-16.248355617684748],[34.873559475821615,-16.248216999721706],[34.873930355041757,-16.247993990715305],[34.874938419417894,-16.247386332463076],[34.875637396987344,-16.246961477870819],[34.877273960620698,-16.245930574079399],[34.878735864066719,-16.245011937451729],[34.87984837040306,-16.244371910161142],[34.881006405975434,-16.243687217753244],[34.882097243592121,-16.243017142071242],[34.886088374713026,-16.240467740417557],[34.889035708190661,-16.238632014675893],[34.891301311897436,-16.237217908603498],[34.892437982112433,-16.236518741892198],[34.892561164144908,-16.236452007536567],[34.892699167777351,-16.236366672120759],[34.892740824347534,-16.23635302554856],[34.89280284285897,-16.23634035054306],[34.892847576878182,-16.236336070184095],[34.892909116283299,-16.236315154107817],[34.893277322591871,-16.236082013926456],[34.894287675425751,-16.235445986992158],[34.89497207083987,-16.235020783712287],[34.896491585420549,-16.234067391461995],[34.896513471942527,-16.234056403663992],[34.896592089200404,-16.234013803405727],[34.89671565859036,-16.233935421251669],[34.896965875357296,-16.233798181224184],[34.897082788194197,-16.233729168902752],[34.897309292807478,-16.233595529649193],[34.897412926092834,-16.233532631921243],[34.898283067927004,-16.232977896504899],[34.898452177563186,-16.232868730411525],[34.899072026431639,-16.232498035831068],[34.89918443853022,-16.232429567664642],[34.899505619852562,-16.232226185902142],[34.899736523918627,-16.232085391762137],[34.900802213921637,-16.231441200732181],[34.902406425088152,-16.230419851814968],[34.904969923324828,-16.228863530036733],[34.90560927745323,-16.228488279172364],[34.905668035887999,-16.228447099929891]]]}},
{"type":"Feature","properties":{"AREA":0.0,"PERIMETER":1284.726,"ID":"Object 736","CAPTION":null,"STYLE":13,"Distance":0.0},"geometry":{"type":"MultiLineString","coordinates":[[[34.889542339107749,-16.251938675455108],[34.889586424617619,-16.251912916906157],[34.892768900400895,-16.250053400703742]]]}},
{"type":"Feature","properties":{"AREA":0.0,"PERIMETER":0.0,"ID":null,"CAPTION":null,"STYLE":0,"Distance":0.0},"geometry":{"type":"MultiLineString","coordinates":[[[34.857900587160678,-16.183543285421003],[34.858627462737658,-16.183075507297094],[34.860015798997601,-16.182219454508701],[34.861673778143462,-16.181234672185308],[34.863879071117545,-16.179852460264431],[34.864287497924202,-16.179582619544721],[34.865838116122035,-16.178607775351662],[34.867894813917808,-16.177321601091574],[34.869742757474199,-16.176186169579935],[34.870588061793377,-16.175695859359369],[34.872106397094285,-16.17477090057104],[34.872761432080523,-16.174408617706533],[34.874711449194557,-16.173209069185539],[34.876024972264432,-16.172358096323855],[34.878392503728868,-16.170870525313394],[34.88017062266406,-16.169771733314096],[34.882022917015988,-16.168618117901303],[34.883541096700455,-16.167688575724544],[34.883693306532734,-16.167578320605529],[34.883830378298846,-16.167510562541054],[34.883956114913438,-16.167457692483577],[34.884161914949047,-16.167376386583324],[34.884409807956636,-16.16729655630164],[34.884684441080474,-16.167212792036409],[34.885054472426297,-16.167104152480452],[34.885313962485327,-16.167037157777759],[34.885441768616424,-16.167000904787098],[34.885552449627731,-16.1669740457708],[34.885626897832466,-16.166958598498567],[34.885709013652075,-16.166944931738328],[34.885775934464171,-16.166942490378144],[34.885860103056039,-16.16694359311477],[34.885959659510938,-16.166953801809768],[34.886065058758227,-16.166975049487796],[34.886325758317433,-16.16703558711496],[34.886668994768826,-16.167126816748116],[34.886843613453998,-16.16718626824623],[34.886922325237975,-16.167216994390909],[34.887027166442039,-16.167261020179652]]]}},
{"type":"Feature","properties":{"AREA":0.0,"PERIMETER":0.0,"ID":null,"CAPTION":null,"STYLE":0,"Distance":0.0},"geometry":{"type":"MultiLineString","coordinates":[[[34.877873002681852,-16.179427024856665],[34.876299111877493,-16.177157381803035],[34.873928771295283,-16.173690535381965]]]}},
{"type":"Feature","properties":{"AREA":0.0,"PERIMETER":0.0,"ID":null,"CAPTION":"4122/4124 to 590","STYLE":0,"Distance":8.7341542049199994},"geometry":{"type":"MultiLineString","coordinates":[[[34.842982580587694,-16.238199371490964],[34.842982862934896,-16.238206524354368],[34.842441476552651,-16.238327697800329],[34.840469471567999,-16.238344825431874],[34.84031899665397,-16.238394737603517],[34.840184534785536,-16.238405095468032],[34.840074862219687,-16.238427565360062],[34.839849657944583,-16.238481161952407],[34.839393468955642,-16.238605618666412],[34.839345491248395,-16.238617372693799],[34.839111908029679,-16.238619399031379],[34.83856071107158,-16.238579835120515],[34.838532129448339,-16.238571908774905],[34.838100292043485,-16.23846334142651],[34.838008103206789,-16.238449795584746],[34.837849361352539,-16.238457180799422],[34.837750069805246,-16.238434112553598],[34.83018370448606,-16.238661114182531],[34.830102238971598,-16.238624933963283],[34.829991425547377,-16.238575719154078],[34.829930887659927,-16.238530907483714],[34.829532084051962,-16.238301870603689],[34.829425600686839,-16.238226143558304],[34.829056000017609,-16.238071253149833],[34.829012683880784,-16.238053100601778],[34.828668723041844,-16.237923614317435],[34.828070802520649,-16.237800651024294],[34.82805057333389,-16.237796490723806],[34.828017331296927,-16.237796777329571],[34.82791721128018,-16.237789524103182],[34.827668318140255,-16.237797682480263],[34.827631869711567,-16.237800100316729],[34.827547892907418,-16.237800824170993],[34.827498975782611,-16.237807160068481],[34.827000126432111,-16.237871772035351],[34.826270787650962,-16.238076735918835],[34.825724647999181,-16.238324272286963],[34.825361300714526,-16.238570233689646],[34.825272264984129,-16.238640312376543],[34.82522283174869,-16.238672463547214],[34.825202483495346,-16.238685822706636],[34.825140373285208,-16.238733601961794],[34.825108961959891,-16.238755633620872],[34.825090759477611,-16.238765144708726],[34.825046635272734,-16.238795057931252],[34.825036491562102,-16.238800067330828],[34.825019835953917,-16.238809351840526],[34.824998794934736,-16.238816565022358],[34.824977727035879,-16.238820965428481],[34.824957360853283,-16.23882254678723],[34.82492392734877,-16.23882775665324],[34.824911771035914,-16.238829758012272],[34.824825009883995,-16.238835640133168],[34.824743513654624,-16.238838450642653],[34.824665651115723,-16.238840527726229],[34.824618843258946,-16.238841533289722],[34.822592138776656,-16.238858965750303],[34.821662161748996,-16.238866958354986],[34.821207213691771,-16.238883392139549],[34.820074857473557,-16.238924289699316],[34.820073278487399,-16.238939229475502],[34.820060020496442,-16.238950819439339],[34.820033386695322,-16.238961089258272],[34.81999036700504,-16.238965762566984],[34.819960684463553,-16.238967451437642],[34.819925062783021,-16.238969192189877],[34.819886392362243,-16.238962351091146],[34.81988284665632,-16.238960450461704],[34.819841624494828,-16.238938349003966],[34.819804221717241,-16.238891052167293],[34.819791930526655,-16.23887880409027],[34.819759535665867,-16.238834447153639],[34.819712515710684,-16.23874558074451],[34.819649092718237,-16.238612220106731],[34.819598406114608,-16.238495573085871],[34.819555611726393,-16.238417932349826],[34.819505852956638,-16.238324968807611],[34.819451505493284,-16.238227650254377],[34.81936134845003,-16.238070209344219],[34.819301174077218,-16.237957559078207],[34.819253931665948,-16.237890942806047],[34.819203107506915,-16.237805679134446],[34.819149846232584,-16.237702857057069],[34.819060837124134,-16.237546505841152],[34.818999556080669,-16.237437160502154],[34.818744912824968,-16.236968264066462],[34.818512987152701,-16.236506198121624],[34.818253249412514,-16.23603900540957],[34.81784925875904,-16.235283349006036],[34.81752755830658,-16.23472012015678],[34.817211288481097,-16.234143431428421],[34.816826937262469,-16.233409063473641],[34.816313044208577,-16.232446891329797],[34.816247973116532,-16.232339319526307],[34.816221529783071,-16.232289338161621],[34.816215123630201,-16.232265483720123],[34.81621484767296,-16.232263033615638],[34.816163069993792,-16.23216608764923],[34.816159379348676,-16.232159178425643],[34.816148192125972,-16.232149740864322],[34.816104463093772,-16.232076954241496],[34.815843010946928,-16.231578544153333],[34.815717805772053,-16.231332398373052],[34.815244030616512,-16.230445316414652],[34.815045326598472,-16.230065611750717],[34.814869354521818,-16.229753532964217],[34.814779636538155,-16.229610868126986],[34.814588013425265,-16.229278263069293],[34.814441747462446,-16.22903421026659],[34.814177636985029,-16.228568813561665],[34.813996751136692,-16.228273413547598],[34.813913084309817,-16.22812228540678],[34.813790781244251,-16.227916319607335],[34.813664976535506,-16.227715350036796],[34.813642021043229,-16.227670430390052],[34.813586668241129,-16.227588478324797],[34.813524863186437,-16.227471651296401],[34.813458567009945,-16.227338097448563],[34.813352572813784,-16.22709961003731],[34.81319914824666,-16.226786889268762],[34.81318783342094,-16.226762239858235],[34.813153254719232,-16.226692367024988],[34.813103412748383,-16.226589513537117],[34.81305023859845,-16.226495478190877],[34.813011998766143,-16.226417796651123],[34.81297040754648,-16.226346735776566],[34.81292189318814,-16.226264746718904],[34.81289293158239,-16.226206761975423],[34.812842073324312,-16.226117102059955],[34.812790217718053,-16.226042832370808],[34.81274058637981,-16.225963050446548],[34.812693380428463,-16.225899728330663],[34.812639361986299,-16.225837563227511],[34.812595667467974,-16.225785197512465],[34.812535953709336,-16.225721982209482],[34.812471649833803,-16.225654411706422],[34.81242409768965,-16.22559361271766],[34.812366836155029,-16.225519942100057],[34.81231698963871,-16.225465875805906],[34.812310774572431,-16.225458116943379],[34.812286188665276,-16.225427421626271],[34.812274592264188,-16.225413987795648],[34.812253951862232,-16.225389258929226],[34.812240980465951,-16.225372237650518],[34.812232835820879,-16.225361510549998],[34.81222059231051,-16.225342467939672],[34.812213308104916,-16.225329793377977],[34.812204373935607,-16.225312408688911],[34.812198736029529,-16.225297399522528],[34.812195350399925,-16.225285155227692],[34.812192050774883,-16.225268101940031],[34.812189181926236,-16.225255093271457],[34.81218437471076,-16.225220984040543],[34.812138991855207,-16.224680884013548],[34.81212800150621,-16.224587911282089],[34.812124361522166,-16.224506771265556],[34.812015632633027,-16.223212759117803],[34.812013312480182,-16.223192449779628],[34.812012107037077,-16.223177949449493],[34.812011445315875,-16.223170128688821],[34.812011206970475,-16.223167487582103],[34.812010860123237,-16.223164743483494],[34.812010431044399,-16.223161803093948],[34.812009372886159,-16.223156143606811],[34.812008843258546,-16.22315315166485],[34.812008145289909,-16.22315016116039],[34.812007105655958,-16.223146526568485],[34.8120064136141,-16.223144183922074],[34.812002442301754,-16.223131503643202],[34.811995021164066,-16.223108245012888],[34.811991327513333,-16.223097289215456],[34.811989440068906,-16.223091358488922],[34.811987418434782,-16.223085174985876],[34.811985401215971,-16.223079371876818],[34.81198311171854,-16.22307243250847],[34.811981223339444,-16.223066501789795],[34.811979472613672,-16.22306120244248],[34.811973404972015,-16.22304214772592],[34.811968422990866,-16.223027260354911],[34.811961832781485,-16.223008336609357],[34.811957384944407,-16.222994583261126],[34.811954358347855,-16.222984976320461],[34.811947644450505,-16.222966845217503],[34.811937982768939,-16.2229396450686],[34.81193101883953,-16.222916572294309],[34.811925148588038,-16.222901201830673],[34.811919974310314,-16.222888706223124],[34.811911787607279,-16.222867538818342],[34.81190412679954,-16.222849262179945],[34.811895483899114,-16.222832925002045],[34.811884847778245,-16.222817088289393],[34.811873208415392,-16.22280077669566],[34.811850998215675,-16.222775866875985],[34.811826290967488,-16.222750978373835],[34.811780461600563,-16.222710825222212],[34.811718098462492,-16.222665503440233],[34.811593493325972,-16.222573165359954],[34.807835574315888,-16.220166365593137],[34.80677595521724,-16.219594906454684],[34.806679973574298,-16.219543142467941],[34.805889841663102,-16.219117012009757],[34.80573308370338,-16.219015672207458],[34.805590617316653,-16.218927499644401],[34.805385185357153,-16.218803549739597],[34.805156532580106,-16.218669555229187],[34.805080955030412,-16.218624574938545],[34.805031488357301,-16.218589614439491],[34.804963652786014,-16.218548292168631],[34.804897779572926,-16.218510677997156],[34.804851322421818,-16.218488726889696],[34.804757478799701,-16.218448556450753],[34.804606816324181,-16.218383171292739],[34.804577904983091,-16.218370345017345],[34.80454549654084,-16.218354531209492],[34.804513456429156,-16.218341060118977],[34.804482107201871,-16.218327248802108],[34.804462935491088,-16.218317356063867],[34.804446883392401,-16.218307101551609],[34.804425740344207,-16.218293331775833],[34.804384849282762,-16.218267492759228],[34.804353334389333,-16.218248120010021],[34.804320905141736,-16.218221390346482],[34.804281677960063,-16.218192263268172],[34.804259798344845,-16.218173711335975],[34.804089047285579,-16.218043300567906],[34.80377908751403,-16.21784015114207],[34.803348565774442,-16.217568098052965],[34.802838982210496,-16.21724277253939],[34.802308378439825,-16.216915946048257],[34.802031546088507,-16.216744398389974],[34.801648280617897,-16.216511099587372],[34.801261525016493,-16.216264466540757],[34.801132346087968,-16.2161864775717],[34.800879896211796,-16.216024689423385],[34.800730029380603,-16.215936924759696],[34.800659213674592,-16.215898769087207],[34.800588285134282,-16.215857765156944],[34.800553049934031,-16.215836276267268],[34.800498286174751,-16.215803556250616],[34.800459626939968,-16.215779388164414],[34.800453730226486,-16.215776421813896],[34.800437789057973,-16.215767627208681],[34.800418829161146,-16.215758044925213],[34.79896133692327,-16.214828546186691],[34.798535517441188,-16.214359153066567],[34.798202856490725,-16.21366560964125],[34.79679193566016,-16.209116608068825],[34.796745065614552,-16.208992107224184],[34.796715479086465,-16.208924904901913],[34.796689838883836,-16.208857244472192],[34.796670049208878,-16.2088052317728],[34.796645918904559,-16.208758770743721],[34.796631908854224,-16.208731816943153],[34.796592769188969,-16.20867104081665],[34.796540860160157,-16.20862072939067],[34.796470186215004,-16.208569558278249],[34.796405076011609,-16.208541092074729],[34.796340559067083,-16.208518852374354],[34.796254566830783,-16.208492651079091],[34.796122401399742,-16.208457518250981],[34.795907140301729,-16.208404239800096],[34.795529472239664,-16.208313874192399],[34.795178063860547,-16.208233401327636],[34.794664071350454,-16.20811637217097],[34.79410293019064,-16.207994682308037],[34.793428877918707,-16.207830958815268],[34.792988240909537,-16.207734142240742],[34.792712995764859,-16.207671733009587],[34.792335415008878,-16.207590767681658],[34.792083645884773,-16.207531396340315],[34.791756396856819,-16.207459714922226],[34.791543338977895,-16.20741386924259],[34.791411212237144,-16.207382876232487],[34.791262970766518,-16.207347876727198],[34.791191007938359,-16.207331911654087],[34.791097448383155,-16.207298522005306],[34.791004961488731,-16.207265123266623],[34.790913694924882,-16.207223110557734],[34.790820577657271,-16.207170442226356],[34.790733179236696,-16.207118998871401],[34.790655955366695,-16.207075954049127],[34.790566592528414,-16.207028079422173],[34.789253499256787,-16.20619813838983],[34.789222030372038,-16.206175620682341],[34.789129848034854,-16.206104990842022],[34.789088360631787,-16.206070927536675],[34.789088046071107,-16.206070684393708],[34.789087911169375,-16.206070555404533],[34.7890877750553,-16.206070395701492],[34.789087502558125,-16.206070046477265],[34.789087045745937,-16.206069378010071],[34.789086693317621,-16.206068876742393],[34.789085948287529,-16.206067775143996],[34.789083934699917,-16.206065179655003],[34.789081861034944,-16.206062248514499],[34.78907757864858,-16.206056240076201],[34.789052589867751,-16.20602085220164],[34.78904628006697,-16.20601019710568],[34.789044508753037,-16.206007295949341],[34.789042550415495,-16.206004397271943],[34.789040875207611,-16.206001678746851],[34.789039772861038,-16.205999637651733],[34.789038670930239,-16.205997642639222],[34.789037614942202,-16.205995556874786],[34.789035781259223,-16.205990925755284],[34.78903486195582,-16.205988337314174],[34.789032444947956,-16.205981661631377],[34.789029693720522,-16.205974533324415],[34.789026993767514,-16.205967905207235],[34.789024432146014,-16.205960956936625],[34.789021201381907,-16.2059529217901],[34.789019896576889,-16.205949379631328],[34.789019166583621,-16.205946834778018],[34.789018483356458,-16.205944290434456],[34.789017920778832,-16.205939466071111],[34.789017260169153,-16.205934141911762],[34.789015432087062,-16.205921734842498],[34.789014501171359,-16.205915474971885],[34.789013278097428,-16.205907101215402],[34.789012907314827,-16.205904358148207],[34.789012497900778,-16.205901375939323],[34.789011950630652,-16.205898144580726],[34.789010819079145,-16.205889341723537],[34.788997234392362,-16.205658325238311],[34.789000139408735,-16.204960462068836],[34.789040237926841,-16.204051155149418],[34.789052328142702,-16.203606569844929],[34.789067517968718,-16.202230765651901],[34.789076712265668,-16.201975109916763],[34.789062762871573,-16.20144851442933],[34.789043230753165,-16.200813068001494],[34.788975097353322,-16.199889115850382],[34.788944324277281,-16.199027076137806],[34.788942801312281,-16.198858185051385],[34.788946298121587,-16.198735922505595],[34.788952616347665,-16.198671419193492],[34.788970554968422,-16.198620153207322],[34.788995371938718,-16.198566605426414],[34.789010969121577,-16.198510914097934],[34.789022107629464,-16.198470816641247],[34.789021646725089,-16.198419704662779],[34.789020644769387,-16.198308592175952],[34.788998839677696,-16.197930965153819],[34.788969554342614,-16.197488950057725],[34.788968789489545,-16.197416673535198],[34.788964043750319,-16.197416648285071]]]}},
{"type":"Feature","properties":{"AREA":0.0,"PERIMETER":0.0,"ID":null,"CAPTION":null,"STYLE":0,"Distance":8.2324895760899999},"geometry":{"type":"MultiLineString","coordinates":[[[34.837280779670238,-16.182003489573486],[34.83922019807018,-16.181965452829758],[34.844507582928109,-16.181816857726528],[34.844584110711573,-16.181874938824116],[34.844630654075033,-16.18197733902992],[34.848049693983583,-16.181932969879934],[34.848749135095453,-16.181970949873005],[34.84897748965394,-16.182013022766537],[34.8490758776638,-16.182035885725153],[34.849074478747909,-16.181979209821407],[34.84911703639392,-16.183703373760039],[34.849272101860379,-16.18998482866651],[34.84945925789232,-16.195692977345352],[34.849267789667302,-16.195688166385022],[34.848276490777558,-16.195736465690675],[34.844919966680372,-16.195832773800809],[34.843985312662319,-16.195859197913634],[34.841783918852414,-16.195879266819709],[34.841669161359306,-16.195881342099291],[34.840956780633789,-16.195904250624647],[34.840864842124859,-16.195905845860874],[34.840309018362746,-16.195915488897825],[34.840308915520176,-16.19591549159567],[34.839968694361147,-16.195922889747266],[34.839648066030364,-16.195927099628079],[34.839330447357568,-16.195935586960044],[34.839197206377328,-16.195943933934256],[34.838606910146694,-16.195959033304693],[34.838498792825007,-16.195961798535965],[34.838195146920036,-16.195969565092689],[34.83557299678656,-16.196067044441993],[34.835182949040444,-16.196076273192165],[34.83468595615075,-16.196105956533433],[34.834307210641441,-16.196135228942961],[34.833991728387318,-16.196174575098681],[34.833944803282826,-16.196175639715953],[34.833286156554756,-16.196190582295962],[34.830693445722524,-16.196254566489205],[34.829678589065452,-16.19626749778131],[34.828234585665442,-16.196309264782883],[34.826760374278692,-16.196368045909541],[34.825273149983836,-16.196426928646449],[34.823894044554606,-16.196451343722128],[34.822016357417112,-16.196516404738816],[34.821526072491636,-16.196524041666791],[34.820403490565489,-16.19655254527045],[34.819918581440064,-16.196565282274054],[34.819632578557744,-16.196569448346185],[34.819234686971896,-16.196578004846284],[34.818948621946326,-16.196575303791047],[34.81876205595276,-16.196573466803265],[34.818587895303388,-16.196568090569688],[34.818397745384004,-16.196562851011862],[34.818252118112554,-16.196569246914937],[34.818094055874973,-16.196575750010304],[34.81785961916912,-16.196584622348748],[34.817426306187009,-16.196605495955939],[34.816591553652742,-16.19662941580269],[34.815249913015464,-16.196660526533364],[34.813169769145958,-16.196717579127334],[34.810078944361891,-16.196824967283256],[34.809423925185136,-16.196838592572789],[34.80836088362441,-16.196858371341794],[34.807661448896091,-16.196872369174852],[34.80689011190497,-16.196916483642017],[34.805965859766523,-16.196935069410056],[34.804678168532135,-16.196978198614616],[34.80394554423264,-16.197005878905998],[34.803666975447655,-16.197012585524291],[34.803257235894328,-16.197022449860118],[34.802388497759246,-16.197040549934911],[34.800575478869987,-16.197085426521937],[34.800197123514579,-16.197093782861231],[34.799898743747654,-16.197104894094203],[34.799676676258358,-16.197106774904942],[34.799351631977167,-16.197116394267205],[34.799010692455177,-16.197136448360791],[34.798758564498876,-16.19715403323897],[34.798657123687612,-16.197157988648666]]]}}
]
}
